"","date_time","lat","long","elv","speed","gids","soc","a_hr","pack_volts","pack_amps","max_cp_m_v","min_cp_m_v","avg_cp_m_v","cp_m_v_diff","judgment_value","pack_t1_f","pack_t1_c","pack_t2_f","pack_t2_c","pack_t3_f","pack_t3_c","pack_t4_f","pack_t4_c","cp1","cp2","cp3","cp4","cp5","cp6","cp7","cp8","cp9","cp10","cp11","cp12","cp13","cp14","cp15","cp16","cp17","cp18","cp19","cp20","cp21","cp22","cp23","cp24","cp25","cp26","cp27","cp28","cp29","cp30","cp31","cp32","cp33","cp34","cp35","cp36","cp37","cp38","cp39","cp40","cp41","cp42","cp43","cp44","cp45","cp46","cp47","cp48","cp49","cp50","cp51","cp52","cp53","cp54","cp55","cp56","cp57","cp58","cp59","cp60","cp61","cp62","cp63","cp64","cp65","cp66","cp67","cp68","cp69","cp70","cp71","cp72","cp73","cp74","cp75","cp76","cp77","cp78","cp79","cp80","cp81","cp82","cp83","cp84","cp85","cp86","cp87","cp88","cp89","cp90","cp91","cp92","cp93","cp94","cp95","cp96","x12v_bat_amps","hx","x12v_bat_volts","odo_km","qc","l1_l2","tp_fl","tp_fr","tp_rr","tp_rl","ambient","soh","regen_wh","b_level","epoch_time","motor_pwr_w","aux_pwr_100w","a_c_pwr_250w","a_c_comp_0_1m_pa","est_pwr_a_c_50w","est_pwr_htr_250w","plug_state","charge_mode","obc_out_pwr","gear","h_volt1","h_volt2","gps_status","power_sw","bms","obc","motor_temp","inverter_2_temp","inverter_4_temp","speed1","speed2","wiper_status","torque_nm","rpm"
"1",2026-01-15 11:57:21,"-36 46.5298","174 43.90477",71,0,92,473200,517052,374.96,-0.277,3912,3899,3906,13,0,82.6,28.1,83.5,28.6,"none","none",82.2,27.9,-3899,-3908,-3904,-3905,-3908,-3904,-3904,-3905,-3908,-3904,-3908,-3905,-3904,-3908,-3904,-3905,-3906,-3910,-3908,-3901,-3908,-3908,-3908,-3905,-3908,-3904,-3903,-3905,-3905,-3908,-3908,-3905,-3908,-3908,-3908,-3904,-3904,-3904,-3904,-3905,-3905,3908,-3899,-3901,-3904,-3904,-3908,-3901,-3904,-3905,-3904,-3905,-3904,3912,-3904,-3905,-3910,-3908,-3908,-3906,-3908,-3905,-3908,-3910,-3905,-3908,-3907,-3910,-3905,-3908,-3908,-3905,-3905,-3908,-3905,-3905,-3905,-3908,-3908,-3905,-3908,-3908,-3908,-3908,-3908,-3908,-3908,-3908,-3905,-3905,-3908,-3906,-3904,-3908,-3908,-3901,"na",69.78,12.24,56021,671,1862,0,0,0,0,22.5,79.06,-145796,71,1768431441.462,0,0,0,0,0,0,0,0,0,1,374.96,374.96,"04097F",1,1,1,75,40,40,0,0,"00",0,0
"2",2026-01-15 11:57:36,"-36 46.52964","174 43.90416",69,0,92,473200,517052,374.99,0.733,3913,3900,3907,13,0,82.6,28.1,83.3,28.5,"none","none",82,27.8,-3900,-3909,-3905,-3906,-3909,-3905,-3905,-3906,-3909,-3905,-3909,-3906,-3905,-3909,-3905,-3906,-3907,-3911,-3909,-3907,-3909,-3909,-3909,-3906,-3909,-3905,-3904,-3906,-3906,-3909,-3909,-3906,-3909,-3909,-3909,-3905,-3905,-3905,-3905,-3906,-3906,3909,-3904,-3902,-3905,-3905,-3909,-3906,-3905,-3906,-3905,-3906,-3905,3913,-3905,-3906,-3911,-3909,-3909,-3907,-3909,-3906,-3909,-3911,-3906,-3909,-3908,-3911,-3906,-3909,-3909,-3906,-3906,-3909,-3906,-3906,-3906,-3909,-3905,-3906,-3909,-3909,-3909,-3909,-3909,-3909,-3909,-3909,-3906,-3906,-3909,-3911,-3905,-3909,-3909,-3902,"na",69.78,12.24,56021,671,1862,0,0,0,0,22.5,79.06,-145796,71,1768431456.098,0,0,0,0,0,0,0,0,0,1,374.99,374.99,"13047F",1,1,1,75,40,40,0,0,"00",0,0
"3",2026-01-15 11:57:49,"-36 46.52961","174 43.90418",68,0,92,473200,517052,374.99,-0.145,3912,3901,3906,11,0,82.8,28.2,83.3,28.5,"none","none",82,27.8,-3904,-3908,-3904,-3905,-3908,-3904,-3904,-3905,-3908,-3904,-3908,-3905,-3904,-3908,-3904,-3905,-3906,-3910,-3908,-3901,-3908,-3908,-3908,-3905,-3908,-3904,-3903,-3905,-3910,-3908,-3908,-3905,-3908,-3908,-3908,-3904,-3904,-3904,-3904,-3905,-3905,3908,-3903,-3901,-3904,-3904,-3908,-3901,-3908,-3905,-3904,-3905,-3904,3912,-3904,-3905,-3910,-3908,-3908,-3906,-3908,-3905,-3908,-3910,-3905,-3908,-3907,-3910,-3910,-3908,-3908,-3905,-3905,-3908,-3905,-3905,-3905,-3908,-3908,-3905,-3908,-3908,-3908,-3908,-3908,-3908,-3908,-3908,-3905,-3905,-3908,-3906,-3904,-3908,-3908,-3901,"na",69.78,12.24,56021,671,1862,0,0,0,0,22.5,79.06,-145796,71,1768431469.693,0,0,0,0,0,0,0,0,0,1,374.99,374.99,"21047F",1,1,1,75,40,40,0,0,"00",0,0
"4",2026-01-15 11:58:03,"-36 46.52962","174 43.90419",68,0,92,473200,517052,375.11,0.494,3913,3902,3907,11,0,82.8,28.2,83.3,28.5,"none","none",82,27.8,-3905,-3909,-3905,-3906,-3909,-3905,-3905,-3906,-3909,-3905,-3909,-3906,-3905,-3909,-3905,-3906,-3907,-3911,-3909,-3907,-3909,-3909,-3909,-3906,-3909,-3905,-3904,-3906,-3911,-3909,-3909,-3906,-3909,-3909,-3909,-3905,-3909,-3909,-3905,-3906,-3906,3909,-3904,-3902,-3905,-3905,-3909,-3906,-3905,-3906,-3905,-3906,-3905,3913,-3905,-3906,-3911,-3909,-3909,-3907,-3909,-3906,-3909,-3911,-3906,-3909,-3908,-3911,-3906,-3909,-3909,-3906,-3906,-3909,-3906,-3906,-3906,-3909,-3909,-3906,-3909,-3909,-3909,-3909,-3909,-3909,-3909,-3909,-3906,-3906,-3909,-3907,-3905,-3909,-3909,-3902,"na",69.78,12.24,56021,671,1862,0,0,0,0,22.5,79.06,-145796,71,1768431483.324,0,0,0,0,0,0,0,0,0,1,375.11,375.11,"2E047F",1,1,1,75,40,40,0,0,"00",0,0
"5",2026-01-15 11:58:17,"-36 46.52958","174 43.9042",68,0,92,473200,517052,375.01,-0.35,3912,3899,3906,13,0,82.8,28.2,83.3,28.5,"none","none",82,27.8,-3899,-3908,-3904,-3905,-3908,-3904,-3904,-3905,-3908,-3904,-3908,-3905,-3904,-3908,-3904,-3905,-3906,-3910,-3908,-3906,-3908,-3908,-3908,-3905,-3908,-3904,-3908,-3905,-3910,-3908,-3908,-3905,-3908,-3908,-3908,-3904,-3908,-3908,-3904,-3905,-3905,3908,-3899,-3901,-3904,-3904,-3908,-3905,-3904,-3910,-3904,-3905,-3904,3912,-3904,-3905,-3910,-3908,-3908,-3906,-3908,-3905,-3908,-3910,-3905,-3908,-3907,-3910,-3910,-3908,-3908,-3905,-3905,-3908,-3905,-3905,-3905,-3908,-3908,-3905,-3908,-3908,-3908,-3908,-3908,-3908,-3908,-3908,-3905,-3905,-3908,-3906,-3904,-3908,-3908,-3901,"na",69.78,12.24,56021,671,1862,0,0,0,0,22.5,79.06,-145796,71,1768431497.03,0,0,0,0,0,0,0,0,0,1,375.01,375.01,"3C0A7F",1,1,1,75,40,40,0,0,"00",0,0
"6",2026-01-15 11:58:30,"-36 46.52962","174 43.9042",69,0,93,473200,517052,375.03,-0.223,3913,3901,3906,12,0,82.8,28.2,83.3,28.5,"none","none",82,27.8,-3904,-3908,-3904,-3905,-3908,-3904,-3904,-3905,-3908,-3904,-3908,-3905,-3908,-3908,-3904,-3905,-3906,-3910,-3908,-3906,-3908,-3908,-3908,-3905,-3908,-3904,-3908,-3905,-3910,-3908,-3908,-3905,-3908,-3908,-3908,-3904,-3904,-3908,-3904,-3905,-3905,3913,-3903,-3901,-3904,-3904,-3908,-3905,-3904,-3905,-3904,-3910,-3904,3912,-3904,-3905,-3910,-3908,-3908,-3906,-3908,-3905,-3908,-3910,-3905,-3908,-3907,-3910,-3910,-3908,-3908,-3905,-3905,-3908,-3905,-3905,-3905,-3908,-3908,-3905,-3908,-3908,-3908,-3908,-3908,-3908,-3908,-3908,-3905,-3905,-3908,-3906,-3904,-3908,-3908,-3901,"na",69.78,12.24,56021,671,1862,0,0,0,0,22.5,79.06,-145796,71,1768431510.928,0,0,0,0,0,0,0,0,0,1,375.03,375.03,"4A097F",1,1,1,75,40,40,0,0,"00",0,0
"7",2026-01-15 11:58:44,"-36 46.52964","174 43.90424",69,0,93,473200,517052,375.05,-0.297,3917,3899,3906,18,0,82.6,28.1,83.3,28.5,"none","none",82.2,27.9,-3899,-3908,-3904,-3905,-3908,-3904,-3904,-3905,-3908,-3904,-3908,-3905,-3908,-3908,-3904,-3905,-3906,-3910,-3908,-3906,-3908,-3908,-3908,-3905,-3908,-3904,-3908,-3905,-3910,-3908,-3908,-3905,-3908,-3908,-3908,-3904,-3908,-3908,-3904,-3905,-3905,3913,-3903,-3905,-3908,-3904,-3908,-3905,-3908,-3905,-3904,-3905,-3908,3917,-3904,-3905,-3910,-3908,-3908,-3906,-3908,-3905,-3908,-3910,-3905,-3908,-3907,-3910,-3910,-3908,-3913,-3905,-3905,-3908,-3905,-3905,-3905,-3908,-3904,-3905,-3908,-3908,-3908,-3908,-3908,-3908,-3908,-3908,-3905,-3905,-3908,-3910,-3904,-3908,-3908,-3901,"na",69.78,12.24,56021,671,1862,0,0,0,0,22.5,79.06,-145796,71,1768431524.734,0,0,0,0,0,0,0,0,0,1,375.05,375.05,"58097F",1,1,1,75,40,40,0,0,"00",0,0
"8",2026-01-15 11:58:58,"-36 46.52963","174 43.90424",69,0,93,473200,517052,375.05,-0.37,3913,3899,3906,14,0,82.6,28.1,83.3,28.5,"none","none",82,27.8,-3899,-3908,-3904,-3905,-3908,-3904,-3904,-3905,-3908,-3904,-3908,-3905,-3904,-3908,-3904,-3905,-3906,-3910,-3908,-3906,-3908,-3908,-3908,-3905,-3908,-3904,-3908,-3905,-3910,-3908,-3908,-3905,-3908,-3908,-3908,-3904,-3908,-3908,-3904,-3905,-3905,3908,-3903,-3905,-3908,-3904,-3908,-3905,-3908,-3910,-3904,-3910,-3908,3912,-3904,-3905,-3910,-3913,-3908,-3906,-3908,-3905,-3908,-3910,-3905,-3908,-3907,-3910,-3910,-3908,-3913,-3905,-3905,-3908,-3905,-3905,-3905,-3908,-3908,-3905,-3908,-3908,-3908,-3908,-3908,-3908,-3908,-3908,-3905,-3905,-3908,-3906,-3904,-3908,-3908,-3901,"na",69.78,12.16,56021,671,1862,0,0,0,0,22.5,79.06,-145796,71,1768431538.336,0,0,0,0,0,0,0,0,0,1,375.05,375.05,"650B7F",1,1,1,75,40,40,0,0,"00",0,0
"9",2026-01-15 11:59:13,"-36 46.52964","174 43.90424",69,0,93,473200,517052,375.06,-0.223,3917,3901,3907,16,0,82.6,28.1,83.3,28.5,"none","none",82,27.8,-3904,-3908,-3904,-3905,-3908,-3904,-3904,-3905,-3908,-3908,-3908,-3905,-3908,-3908,-3908,-3905,-3906,-3910,-3908,-3906,-3908,-3908,-3908,-3905,-3908,-3904,-3908,-3905,-3910,-3908,-3908,-3905,-3908,-3908,-3908,-3908,-3908,-3908,-3904,-3905,-3905,3913,-3903,-3901,-3908,-3904,-3908,-3905,-3904,-3910,-3904,-3910,-3908,3917,-3904,-3905,-3910,-3913,-3908,-3906,-3908,-3905,-3908,-3910,-3905,-3908,-3907,-3910,-3910,-3908,-3913,-3905,-3905,-3908,-3905,-3905,-3905,-3908,-3908,-3905,-3908,-3908,-3908,-3908,-3908,-3908,-3908,-3908,-3905,-3905,-3908,-3906,-3904,-3908,-3908,-3905,"na",69.78,12.16,56021,671,1862,0,0,0,0,22.5,79.06,-145796,71,1768431553.035,0,0,0,0,0,0,0,0,0,1,375.06,375.06,"740A7F",1,1,1,75,40,40,0,0,"00",0,0
"10",2026-01-15 11:59:28,"-36 46.52965","174 43.90428",69,0,93,473200,517052,375.08,-0.038,3917,3901,3907,16,0,82.8,28.2,83.3,28.5,"none","none",82,27.8,-3904,-3908,-3904,-3905,-3908,-3904,-3904,-3905,-3908,-3908,-3908,-3905,-3904,-3908,-3904,-3905,-3906,-3910,-3908,-3901,-3908,-3908,-3908,-3905,-3908,-3904,-3908,-3905,-3910,-3908,-3908,-3905,-3908,-3908,-3908,-3908,-3908,-3908,-3904,-3905,-3905,3913,-3903,-3905,-3908,-3904,-3908,-3905,-3904,-3910,-3904,-3910,-3908,3917,-3904,-3905,-3910,-3913,-3908,-3906,-3908,-3905,-3908,-3910,-3910,-3908,-3907,-3910,-3910,-3908,-3913,-3905,-3905,-3908,-3905,-3905,-3905,-3908,-3908,-3905,-3908,-3908,-3908,-3908,-3908,-3908,-3908,-3908,-3905,-3905,-3908,-3910,-3904,-3908,-3908,-3905,"na",69.78,12.16,56021,671,1862,0,0,0,0,22.5,79.06,-145796,71,1768431568.572,0,0,0,0,0,0,0,0,0,1,375.08,375.08,"830A7F",1,1,1,75,40,40,0,0,"00",0,0
"11",2026-01-15 11:59:44,"-36 46.52966","174 43.9043",69,0,93,473200,517052,375.18,0.274,3918,3904,3908,14,0,82.6,28.1,83.3,28.5,"none","none",82,27.8,-3905,-3909,-3909,-3906,-3909,-3905,-3905,-3906,-3909,-3909,-3909,-3906,-3909,-3909,-3909,-3906,-3907,-3911,-3909,-3907,-3909,-3909,-3909,-3906,-3909,-3909,-3909,-3906,-3911,-3909,-3909,-3906,-3909,-3909,-3909,-3909,-3905,-3909,-3905,-3906,-3906,3914,-3904,-3906,-3909,-3905,-3909,-3906,-3909,-3911,-3905,-3911,-3909,3918,-3905,-3906,-3911,-3914,-3909,-3907,-3909,-3906,-3909,-3911,-3906,-3909,-3908,-3911,-3911,-3909,-3914,-3906,-3906,-3909,-3906,-3906,-3911,-3909,-3909,-3906,-3909,-3909,-3913,-3909,-3909,-3909,-3909,-3909,-3906,-3906,-3909,-3907,-3905,-3909,-3909,-3906,"na",69.78,12.16,56021,671,1862,0,0,0,0,22.5,79.06,-145796,71,1768431584.393,0,0,0,0,0,0,0,0,0,1,375.18,375.18,"930A7F",1,1,1,75,40,40,0,0,"00",0,0
"12",2026-01-15 12:00:01,"-36 46.52966","174 43.90431",69,0,93,473200,517052,375.1,-0.463,3917,3903,3907,14,0,82.6,28.1,83.3,28.5,"none","none",82,27.8,-3904,-3908,-3908,-3905,-3908,-3904,-3904,-3905,-3908,-3908,-3908,-3905,-3908,-3908,-3908,-3905,-3906,-3910,-3908,-3906,-3908,-3908,-3908,-3905,-3908,-3904,-3908,-3905,-3910,-3908,-3908,-3905,-3908,-3908,-3908,-3908,-3908,-3908,-3904,-3905,-3905,3913,-3903,-3905,-3908,-3904,-3908,-3905,-3904,-3910,-3904,-3905,-3908,3917,-3904,-3905,-3910,-3913,-3908,-3906,-3908,-3905,-3908,-3910,-3910,-3908,-3907,-3910,-3910,-3908,-3913,-3905,-3905,-3908,-3905,-3910,-3910,-3908,-3908,-3905,-3908,-3908,-3908,-3908,-3908,-3913,-3908,-3908,-3905,-3905,-3908,-3910,-3904,-3908,-3908,-3905,"na",69.78,12.16,56021,671,1862,0,0,0,0,22.5,79.06,-145796,71,1768431601.276,0,0,0,0,0,0,0,0,0,1,375.1,375.1,"A40F7F",1,1,1,75,40,40,0,0,"00",0,0
"13",2026-01-15 12:00:17,"-36 46.52967","174 43.90432",69,0,93,473200,517052,375.11,-0.37,3917,3901,3907,16,0,82.8,28.2,83.3,28.5,"none","none",82,27.8,-3904,-3908,-3908,-3910,-3908,-3904,-3904,-3905,-3908,-3908,-3908,-3905,-3904,-3908,-3904,-3905,-3906,-3910,-3908,-3906,-3908,-3908,-3908,-3905,-3908,-3908,-3908,-3905,-3910,-3908,-3908,-3905,-3908,-3908,-3908,-3908,-3908,-3908,-3904,-3905,-3905,3913,-3903,-3905,-3908,-3904,-3908,-3905,-3908,-3910,-3904,-3910,-3908,3917,-3904,-3905,-3910,-3913,-3908,-3906,-3908,-3910,-3908,-3910,-3905,-3908,-3907,-3910,-3910,-3908,-3913,-3905,-3905,-3908,-3905,-3905,-3910,-3908,-3908,-3905,-3908,-3908,-3908,-3908,-3912,-3908,-3908,-3908,-3905,-3905,-3908,-3906,-3904,-3908,-3908,-3901,"na",69.78,12.16,56021,671,1862,0,0,0,0,22.5,79.06,-145796,71,1768431617.792,0,0,0,0,0,0,0,0,0,1,375.11,375.11,"B50C7F",1,1,1,75,40,40,0,0,"00",0,0
"14",2026-01-15 12:00:28,"-36 46.52967","174 43.90433",69,0,93,473200,517052,375.1,-0.516,3917,3901,3907,16,0,82.6,28.1,83.3,28.5,"none","none",82,27.8,-3904,-3908,-3908,-3905,-3908,-3904,-3904,-3905,-3908,-3908,-3908,-3905,-3908,-3908,-3904,-3905,-3906,-3910,-3908,-3906,-3908,-3908,-3908,-3905,-3908,-3908,-3908,-3905,-3910,-3908,-3908,-3905,-3908,-3908,-3912,-3908,-3908,-3908,-3904,-3905,-3905,3913,-3903,-3905,-3908,-3904,-3908,-3905,-3908,-3905,-3904,-3905,-3908,3917,-3908,-3910,-3910,-3913,-3908,-3906,-3908,-3905,-3908,-3910,-3910,-3908,-3907,-3910,-3910,-3908,-3913,-3905,-3905,-3908,-3905,-3905,-3910,-3908,-3908,-3905,-3908,-3908,-3908,-3908,-3908,-3913,-3908,-3908,-3905,-3905,-3908,-3906,-3904,-3908,-3908,-3901,"na",69.78,12.16,56021,671,1862,0,0,0,0,22.5,79.06,-145796,71,1768431628.277,0,0,0,0,0,0,0,0,0,1,375.1,375.1,"BF0D7F",1,1,1,75,40,40,0,0,"00",0,0
"15",2026-01-15 12:00:42,"-36 46.52967","174 43.90433",69,0,93,473200,517052,375.11,-0.37,3917,3899,3907,18,0,82.6,28.1,83.1,28.4,"none","none",82,27.8,-3899,-3913,-3908,-3910,-3908,-3904,-3904,-3905,-3908,-3908,-3908,-3905,-3908,-3908,-3908,-3905,-3906,-3910,-3908,-3906,-3908,-3908,-3908,-3905,-3908,-3904,-3908,-3905,-3910,-3908,-3908,-3905,-3908,-3908,-3908,-3908,-3908,-3908,-3904,-3905,-3905,3913,-3903,-3905,-3908,-3904,-3908,-3905,-3908,-3910,-3904,-3910,-3908,3917,-3904,-3905,-3910,-3913,-3908,-3910,-3908,-3910,-3908,-3910,-3910,-3908,-3907,-3910,-3910,-3908,-3913,-3905,-3905,-3908,-3905,-3905,-3910,-3908,-3908,-3910,-3908,-3912,-3908,-3908,-3912,-3913,-3908,-3908,-3905,-3905,-3908,-3906,-3904,-3908,-3908,-3901,"na",69.78,12.08,56021,671,1862,0,0,0,0,22.5,79.06,-145796,71,1768431642.702,0,0,0,0,0,0,0,0,0,1,375.11,375.11,"CE147F",1,1,1,75,40,40,0,0,"00",0,0
"16",2026-01-15 12:00:58,"-36 46.52967","174 43.90434",69,0,93,473200,517052,375.14,-0.204,3917,3901,3907,16,0,82.6,28.1,83.1,28.4,"none","none",82,27.8,-3905,-3909,-3909,-3906,-3909,-3905,-3905,-3906,-3909,-3909,-3909,-3906,-3908,-3908,-3908,-3905,-3906,-3910,-3908,-3906,-3908,-3908,-3908,-3910,-3908,-3908,-3908,-3905,-3910,-3908,-3908,-3905,-3908,-3908,-3908,-3908,-3908,-3908,-3904,-3905,-3905,3917,-3903,-3905,-3908,-3904,-3908,-3905,-3908,-3910,-3904,-3910,-3908,3917,-3908,-3905,-3910,-3913,-3908,-3906,-3908,-3910,-3908,-3910,-3910,-3908,-3907,-3910,-3910,-3908,-3913,-3905,-3905,-3908,-3905,-3910,-3910,-3908,-3908,-3905,-3908,-3908,-3912,-3908,-3912,-3913,-3908,-3908,-3905,-3905,-3908,-3906,-3904,-3908,-3908,-3901,"na",69.78,12.08,56021,671,1862,0,0,0,0,22.5,79.06,-145796,71,1768431658.738,0,0,0,0,0,0,0,0,0,1,375.14,375.14,"DE0E7F",1,1,1,75,40,40,0,0,"00",0,0
"17",2026-01-15 12:01:13,"-36 46.52967","174 43.90434",69,0,93,473200,517052,375.13,-0.131,3917,3901,3907,16,0,82.6,28.1,83.3,28.5,"none","none",82,27.8,-3904,-3908,-3908,-3905,-3908,-3904,-3904,-3905,-3908,-3904,-3908,-3905,-3908,-3908,-3908,-3905,-3906,-3910,-3908,-3906,-3908,-3908,-3908,-3910,-3908,-3908,-3908,-3905,-3910,-3908,-3908,-3905,-3908,-3908,-3912,-3908,-3908,-3908,-3904,-3905,-3905,3913,-3903,-3901,-3908,-3904,-3908,-3905,-3908,-3905,-3904,-3910,-3908,3917,-3908,-3910,-3910,-3913,-3908,-3906,-3908,-3905,-3908,-3910,-3905,-3908,-3907,-3910,-3910,-3908,-3913,-3905,-3905,-3908,-3905,-3910,-3905,-3908,-3908,-3910,-3908,-3912,-3912,-3908,-3912,-3908,-3908,-3908,-3905,-3905,-3908,-3910,-3904,-3908,-3908,-3901,"na",69.78,12.08,56021,671,1862,0,0,0,0,22.5,79.06,-145796,71,1768431673.083,0,0,0,0,0,0,0,0,0,1,375.13,375.13,"EC0E7F",1,1,1,75,40,40,0,0,"00",0,0
"18",2026-01-15 12:01:27,"-36 46.52966","174 43.90434",69,0,93,473200,517052,375.24,-0.223,3917,3902,3907,15,0,82.8,28.2,83.1,28.4,"none","none",81.8,27.7,-3904,-3908,-3908,-3910,-3908,-3904,-3904,-3905,-3908,-3908,-3908,-3905,-3908,-3908,-3908,-3905,-3906,-3910,-3908,-3906,-3908,-3908,-3908,-3910,-3908,-3908,-3908,-3905,-3910,-3908,-3908,-3905,-3908,-3908,-3908,-3908,-3908,-3908,-3904,-3905,-3905,3913,-3903,-3905,-3908,-3904,-3908,-3905,-3908,-3910,-3904,-3910,-3908,3917,-3908,-3905,-3910,-3913,-3908,-3906,-3908,-3910,-3908,-3910,-3910,-3908,-3907,-3910,-3910,-3908,-3913,-3905,-3905,-3908,-3905,-3910,-3910,-3908,-3908,-3910,-3908,-3912,-3912,-3908,-3912,-3913,-3908,-3908,-3906,-3906,-3909,-3911,-3905,-3909,-3909,-3902,"na",69.78,12.08,56021,671,1862,0,0,0,0,22.5,79.06,-145796,71,1768431687.908,0,0,0,0,0,0,0,0,0,1,375.24,375.24,"FB0D7F",1,1,1,75,40,40,0,0,"00",0,0
"19",2026-01-15 12:01:41,"-36 46.52952","174 43.90465",69,0,93,473200,517052,375.15,-0.443,3917,3901,3907,16,0,82.6,28.1,83.3,28.5,"none","none",82,27.8,-3904,-3913,-3908,-3910,-3908,-3904,-3904,-3905,-3908,-3908,-3908,-3905,-3908,-3908,-3908,-3905,-3906,-3910,-3908,-3906,-3908,-3908,-3908,-3910,-3908,-3908,-3908,-3905,-3910,-3908,-3908,-3905,-3908,-3908,-3908,-3908,-3908,-3908,-3904,-3905,-3905,3913,-3903,-3905,-3908,-3904,-3908,-3905,-3908,-3910,-3904,-3910,-3908,3917,-3908,-3910,-3910,-3913,-3908,-3910,-3908,-3910,-3908,-3910,-3910,-3908,-3907,-3910,-3910,-3908,-3913,-3905,-3905,-3908,-3905,-3910,-3910,-3908,-3908,-3910,-3908,-3912,-3912,-3908,-3912,-3913,-3908,-3908,-3905,-3905,-3908,-3910,-3904,-3908,-3908,-3901,"na",69.78,12.08,56021,671,1862,0,0,0,0,22.5,79.06,-145796,71,1768431701.884,0,0,0,0,0,0,0,0,0,1,375.15,375.15,"09097F",1,1,1,75,40,40,0,0,"00",0,0
"20",2026-01-15 12:01:55,"-36 46.52946","174 43.90488",70,0,93,473200,517052,375.16,-0.297,3917,3903,3908,14,0,82.6,28.1,83.1,28.4,"none","none",82,27.8,-3904,-3913,-3908,-3910,-3908,-3904,-3908,-3905,-3908,-3908,-3908,-3905,-3908,-3908,-3908,-3905,-3906,-3910,-3908,-3906,-3908,-3908,-3908,-3910,-3908,-3908,-3908,-3905,-3910,-3908,-3908,-3905,-3908,-3908,-3908,-3908,-3908,-3908,-3904,-3905,-3905,3913,-3903,-3905,-3908,-3904,-3908,-3905,-3904,-3910,-3904,-3910,-3908,3917,-3908,-3910,-3910,-3913,-3908,-3910,-3908,-3910,-3908,-3910,-3910,-3908,-3907,-3910,-3910,-3913,-3913,-3905,-3905,-3908,-3905,-3910,-3910,-3908,-3908,-3910,-3908,-3908,-3912,-3908,-3912,-3913,-3908,-3908,-3905,-3905,-3908,-3910,-3904,-3908,-3908,-3905,"na",69.78,12.08,56021,671,1862,0,0,0,0,22.5,79.06,-145796,71,1768431715.1,0,0,0,0,0,0,0,0,0,1,375.16,375.16,"16097F",1,1,1,75,40,40,0,0,"00",0,0
"21",2026-01-15 12:02:08,"-36 46.5295","174 43.90488",70,0,93,473200,517052,375.26,-0.038,3917,3901,3907,16,0,82.6,28.1,83.3,28.5,"none","none",82,27.8,-3904,-3913,-3908,-3910,-3908,-3904,-3904,-3905,-3908,-3908,-3908,-3910,-3908,-3908,-3908,-3905,-3906,-3910,-3908,-3906,-3908,-3908,-3908,-3910,-3908,-3908,-3908,-3905,-3910,-3908,-3908,-3905,-3908,-3908,-3908,-3908,-3908,-3908,-3904,-3905,-3905,3913,-3903,-3905,-3908,-3904,-3908,-3905,-3908,-3910,-3904,-3910,-3908,3917,-3908,-3910,-3910,-3913,-3908,-3910,-3908,-3910,-3908,-3910,-3910,-3908,-3907,-3910,-3910,-3913,-3913,-3905,-3905,-3908,-3905,-3910,-3910,-3908,-3908,-3905,-3908,-3912,-3908,-3908,-3912,-3913,-3908,-3908,-3905,-3905,-3908,-3910,-3904,-3908,-3908,-3901,"na",69.78,12.08,56021,671,1862,0,0,0,0,22.5,79.06,-145796,70,1768431728.679,0,0,0,0,0,0,0,0,0,1,375.26,375.26,"240A7F",1,1,1,75,40,40,0,0,"00",0,0
"22",2026-01-15 12:02:22,"-36 46.52951","174 43.90492",70,0,93,473200,517052,375.17,-0.277,3917,3901,3907,16,0,82.6,28.1,83.1,28.4,"none","none",81.8,27.7,-3904,-3908,-3908,-3910,-3908,-3904,-3908,-3905,-3908,-3908,-3908,-3910,-3908,-3908,-3908,-3905,-3906,-3910,-3908,-3906,-3908,-3908,-3908,-3910,-3908,-3908,-3908,-3905,-3910,-3908,-3908,-3905,-3908,-3908,-3908,-3908,-3908,-3908,-3904,-3905,-3905,3913,-3903,-3905,-3908,-3904,-3908,-3905,-3908,-3910,-3904,-3910,-3908,3917,-3908,-3910,-3910,-3913,-3908,-3910,-3908,-3910,-3908,-3910,-3910,-3908,-3907,-3910,-3910,-3913,-3913,-3905,-3905,-3908,-3905,-3910,-3910,-3908,-3908,-3905,-3908,-3912,-3912,-3908,-3912,-3913,-3908,-3908,-3905,-3905,-3908,-3910,-3904,-3908,-3908,-3901,"na",69.78,12.08,56021,671,1862,0,0,0,0,22.5,79.06,-145796,70,1768431742.893,0,0,0,0,0,0,0,0,0,1,375.17,375.17,"320A7F",1,1,1,75,40,40,0,0,"00",0,0
"23",2026-01-15 12:02:37,"-36 46.52939","174 43.90513",70,0,93,473200,517052,375.17,-0.463,3917,3901,3908,16,0,82.6,28.1,83.1,28.4,"none","none",81.8,27.7,-3904,-3913,-3904,-3905,-3908,-3904,-3908,-3905,-3908,-3908,-3908,-3910,-3908,-3908,-3908,-3905,-3906,-3910,-3908,-3906,-3908,-3908,-3908,-3910,-3908,-3908,-3908,-3905,-3910,-3908,-3908,-3905,-3908,-3908,-3908,-3908,-3908,-3908,-3904,-3905,-3905,3913,-3903,-3905,-3908,-3908,-3908,-3905,-3908,-3910,-3904,-3910,-3908,3917,-3908,-3910,-3910,-3913,-3908,-3910,-3908,-3905,-3908,-3910,-3910,-3908,-3907,-3910,-3910,-3913,-3913,-3905,-3905,-3908,-3905,-3910,-3910,-3908,-3908,-3910,-3908,-3912,-3912,-3908,-3912,-3913,-3912,-3908,-3910,-3910,-3908,-3910,-3904,-3908,-3908,-3901,"na",69.78,12.08,56021,671,1862,0,0,0,0,22.5,79.06,-145796,70,1768431757.001,0,0,0,0,0,0,0,0,0,1,375.17,375.17,"40097F",1,1,1,75,40,40,0,0,"00",0,0
"24",2026-01-15 12:02:50,"-36 46.52937","174 43.90514",70,0,93,473200,517052,375.18,-0.389,3917,3901,3908,16,0,82.6,28.1,83.1,28.4,"none","none",82,27.8,-3904,-3913,-3908,-3910,-3908,-3904,-3908,-3905,-3908,-3908,-3908,-3910,-3908,-3908,-3908,-3905,-3906,-3910,-3908,-3906,-3908,-3908,-3908,-3910,-3908,-3908,-3908,-3905,-3910,-3908,-3908,-3905,-3908,-3908,-3912,-3908,-3908,-3908,-3904,-3905,-3905,3913,-3903,-3905,-3908,-3904,-3908,-3905,-3908,-3905,-3904,-3910,-3908,3917,-3908,-3910,-3910,-3913,-3913,-3910,-3908,-3910,-3908,-3910,-3910,-3908,-3907,-3910,-3910,-3913,-3913,-3905,-3905,-3908,-3905,-3910,-3910,-3908,-3908,-3905,-3908,-3908,-3912,-3908,-3912,-3913,-3908,-3908,-3910,-3905,-3908,-3910,-3904,-3908,-3908,-3901,"na",69.78,12.08,56021,671,1862,0,0,0,0,22.5,79.06,-145796,70,1768431770.53,0,0,0,0,0,0,0,0,0,1,375.18,375.18,"4D0A7F",1,1,1,75,40,40,0,0,"00",0,0
"25",2026-01-15 12:03:05,"-36 46.52927","174 43.90329",69,0,93,473200,517052,375.18,-0.37,3917,3901,3908,16,0,82.6,28.1,83.1,28.4,"none","none",81.8,27.7,-3904,-3913,-3908,-3910,-3908,-3904,-3908,-3905,-3908,-3908,-3908,-3910,-3908,-3908,-3908,-3905,-3906,-3910,-3908,-3906,-3908,-3908,-3908,-3910,-3908,-3908,-3908,-3905,-3910,-3908,-3908,-3905,-3908,-3908,-3908,-3908,-3908,-3908,-3904,-3905,-3905,3913,-3903,-3905,-3908,-3908,-3908,-3905,-3908,-3910,-3908,-3910,-3908,3917,-3908,-3910,-3910,-3913,-3908,-3910,-3908,-3910,-3908,-3910,-3910,-3908,-3907,-3910,-3910,-3913,-3913,-3905,-3905,-3908,-3905,-3910,-3910,-3908,-3908,-3910,-3908,-3912,-3912,-3908,-3912,-3913,-3912,-3908,-3905,-3910,-3908,-3910,-3904,-3908,-3908,-3901,"na",69.78,12.08,56021,671,1862,0,0,0,0,22.5,79.06,-145796,70,1768431785.225,0,0,0,0,0,0,0,0,0,1,375.18,375.18,"5C0A7F",1,1,1,75,40,40,0,0,"00",0,0
"26",2026-01-15 12:03:18,"-36 46.52924","174 43.90331",69,0,93,473200,517052,375.18,-0.277,3917,3901,3908,16,0,82.6,28.1,83.1,28.4,"none","none",81.8,27.7,-3904,-3913,-3908,-3910,-3908,-3904,-3908,-3905,-3908,-3908,-3908,-3910,-3908,-3908,-3908,-3905,-3906,-3910,-3908,-3906,-3908,-3908,-3908,-3910,-3908,-3908,-3908,-3905,-3910,-3908,-3908,-3905,-3908,-3908,-3912,-3908,-3908,-3908,-3904,-3905,-3905,3913,-3903,-3905,-3908,-3908,-3908,-3905,-3908,-3910,-3908,-3910,-3908,3917,-3908,-3910,-3910,-3913,-3908,-3910,-3908,-3910,-3908,-3910,-3910,-3908,-3907,-3910,-3910,-3913,-3913,-3905,-3905,-3908,-3905,-3910,-3910,-3908,-3908,-3905,-3908,-3912,-3912,-3908,-3912,-3913,-3908,-3908,-3905,-3910,-3908,-3910,-3904,-3908,-3908,-3901,"na",69.78,12.08,56021,671,1862,0,0,0,0,22.5,79.06,-145796,70,1768431798.636,0,0,0,0,0,0,0,0,0,1,375.18,375.18,"6A0B7F",1,1,1,75,40,40,0,0,"00",0,0
"27",2026-01-15 12:03:34,"-36 46.52928","174 43.90347",69,0,93,473200,517052,375.27,0.513,3918,3902,3909,16,0,82.6,28.1,83.3,28.5,"none","none",82,27.8,-3905,-3914,-3909,-3911,-3909,-3905,-3909,-3906,-3909,-3909,-3909,-3911,-3909,-3909,-3909,-3906,-3907,-3911,-3909,-3907,-3909,-3909,-3909,-3911,-3909,-3909,-3909,-3906,-3911,-3909,-3909,-3906,-3909,-3909,-3913,-3909,-3909,-3909,-3905,-3906,-3906,3914,-3904,-3902,-3909,-3909,-3909,-3906,-3905,-3911,-3909,-3911,-3909,3918,-3909,-3906,-3911,-3914,-3909,-3911,-3909,-3911,-3909,-3911,-3911,-3909,-3908,-3911,-3911,-3914,-3914,-3906,-3906,-3909,-3906,-3911,-3911,-3909,-3909,-3911,-3909,-3913,-3913,-3909,-3913,-3914,-3913,-3909,-3911,-3911,-3909,-3911,-3905,-3909,-3909,-3906,"na",69.78,12.08,56021,671,1862,0,0,0,0,22.5,79.06,-145796,70,1768431814.479,0,0,0,0,0,0,0,0,0,1,375.27,375.27,"790A7F",1,1,1,75,40,40,0,0,"00",0,0
"28",2026-01-15 12:03:50,"-36 46.52929","174 43.90345",69,0,93,473200,517052,375.19,-0.13,3917,3901,3908,16,0,82.6,28.1,83.3,28.5,"none","none",81.8,27.7,-3904,-3913,-3904,-3910,-3908,-3904,-3908,-3905,-3908,-3908,-3908,-3910,-3908,-3908,-3908,-3905,-3906,-3910,-3908,-3906,-3908,-3908,-3908,-3910,-3908,-3908,-3908,-3905,-3910,-3908,-3908,-3905,-3908,-3908,-3912,-3908,-3908,-3908,-3904,-3905,-3905,3913,-3903,-3905,-3908,-3908,-3908,-3905,-3908,-3910,-3904,-3910,-3908,3917,-3908,-3910,-3910,-3913,-3908,-3910,-3908,-3910,-3908,-3910,-3910,-3908,-3907,-3910,-3910,-3913,-3913,-3905,-3905,-3908,-3905,-3910,-3910,-3908,-3908,-3910,-3908,-3912,-3912,-3908,-3912,-3913,-3912,-3908,-3905,-3910,-3908,-3910,-3904,-3908,-3908,-3901,"na",69.78,12.08,56021,671,1862,0,0,0,0,22.5,79.06,-145796,70,1768431830.376,0,0,0,0,0,0,0,0,0,1,375.19,375.19,"89097F",1,1,1,75,40,40,0,0,"00",0,0
"29",2026-01-15 12:04:05,"-36 46.52931","174 43.90354",69,0,93,473200,517052,375.2,-0.37,3917,3903,3908,14,0,82.6,28.1,83.1,28.4,"none","none",82,27.8,-3904,-3913,-3908,-3910,-3908,-3904,-3908,-3905,-3908,-3908,-3908,-3910,-3908,-3908,-3908,-3905,-3906,-3910,-3908,-3906,-3908,-3908,-3908,-3910,-3908,-3908,-3908,-3905,-3910,-3908,-3908,-3905,-3908,-3908,-3912,-3908,-3908,-3908,-3904,-3905,-3905,3913,-3903,-3905,-3908,-3908,-3908,-3905,-3908,-3910,-3904,-3910,-3908,3917,-3908,-3910,-3910,-3913,-3908,-3910,-3908,-3910,-3908,-3910,-3910,-3908,-3907,-3910,-3910,-3913,-3913,-3905,-3905,-3908,-3905,-3910,-3910,-3908,-3908,-3910,-3908,-3912,-3912,-3908,-3912,-3913,-3912,-3908,-3905,-3910,-3908,-3910,-3904,-3908,-3908,-3905,"na",69.78,12.08,56021,671,1862,0,0,0,0,22.5,79.06,-145796,70,1768431845.225,0,0,0,0,0,0,0,0,0,1,375.2,375.2,"980A7F",1,1,1,75,40,40,0,0,"00",0,0
"30",2026-01-15 12:04:19,"-36 46.52926","174 43.90365",70,0,93,473200,517052,375.19,-0.443,3917,3901,3908,16,0,82.6,28.1,83.3,28.5,"none","none",81.8,27.7,-3904,-3913,-3908,-3910,-3908,-3904,-3908,-3905,-3908,-3908,-3908,-3910,-3908,-3908,-3908,-3905,-3906,-3910,-3908,-3906,-3908,-3908,-3908,-3910,-3908,-3908,-3908,-3905,-3910,-3908,-3908,-3905,-3908,-3908,-3912,-3908,-3908,-3908,-3904,-3905,-3905,3913,-3903,-3905,-3908,-3908,-3908,-3905,-3908,-3910,-3904,-3910,-3908,3917,-3908,-3910,-3910,-3913,-3908,-3910,-3908,-3910,-3908,-3910,-3910,-3908,-3907,-3910,-3910,-3913,-3913,-3905,-3905,-3908,-3905,-3910,-3910,-3908,-3908,-3910,-3908,-3912,-3912,-3908,-3912,-3913,-3912,-3908,-3905,-3910,-3908,-3910,-3904,-3908,-3908,-3901,"na",69.78,12.08,56021,671,1862,0,0,0,0,22.5,79.06,-145796,70,1768431859.931,0,0,0,0,0,0,0,0,0,1,375.19,375.19,"A70A7F",1,1,1,75,40,40,0,0,"00",0,0
"31",2026-01-15 12:04:34,"-36 46.52933","174 43.90356",70,0,93,473200,517052,375.19,-0.443,3917,3903,3908,14,0,82.6,28.1,83.1,28.4,"none","none",82,27.8,-3904,-3913,-3908,-3910,-3908,-3904,-3908,-3905,-3908,-3908,-3908,-3910,-3908,-3908,-3908,-3910,-3906,-3910,-3908,-3906,-3908,-3908,-3908,-3910,-3908,-3908,-3908,-3905,-3910,-3908,-3908,-3905,-3908,-3908,-3912,-3908,-3908,-3908,-3904,-3905,-3905,3913,-3903,-3905,-3908,-3908,-3908,-3905,-3908,-3910,-3908,-3910,-3908,3917,-3908,-3910,-3910,-3913,-3908,-3910,-3908,-3910,-3908,-3910,-3910,-3908,-3907,-3910,-3910,-3913,-3913,-3905,-3905,-3908,-3910,-3910,-3910,-3908,-3908,-3910,-3908,-3912,-3912,-3908,-3912,-3913,-3912,-3908,-3910,-3910,-3908,-3910,-3904,-3908,-3908,-3905,"na",69.78,12.08,56021,671,1862,0,0,0,0,22.5,79.06,-145796,70,1768431874.78,0,0,0,0,0,0,0,0,0,1,375.19,375.19,"B60A7F",1,1,1,75,40,40,0,0,"00",0,0
"32",2026-01-15 12:04:48,"-36 46.52933","174 43.90357",71,0,93,473200,517052,375.21,0.42,3917,3904,3908,13,0,82.6,28.1,83.1,28.4,"none","none",81.8,27.7,-3905,-3914,-3909,-3911,-3909,-3905,-3909,-3906,-3909,-3909,-3909,-3911,-3909,-3909,-3909,-3911,-3907,-3911,-3909,-3907,-3909,-3909,-3909,-3911,-3909,-3909,-3909,-3906,-3911,-3909,-3909,-3906,-3909,-3909,-3913,-3909,-3909,-3909,-3905,-3906,-3906,3914,-3904,-3906,-3909,-3905,-3909,-3906,-3908,-3910,-3904,-3910,-3908,3917,-3908,-3910,-3910,-3913,-3913,-3910,-3908,-3910,-3908,-3910,-3910,-3908,-3907,-3910,-3910,-3913,-3913,-3905,-3905,-3908,-3910,-3910,-3910,-3908,-3908,-3910,-3908,-3912,-3912,-3908,-3912,-3913,-3912,-3908,-3910,-3910,-3908,-3910,-3904,-3908,-3908,-3905,"na",69.78,12.08,56021,671,1862,0,0,0,0,22.5,79.06,-145796,70,1768431888.76,0,0,0,0,0,0,0,0,0,1,375.21,375.21,"C40A7F",1,1,1,75,40,40,0,0,"00",0,0
"33",2026-01-15 12:05:04,"-36 46.52933","174 43.90357",71,0,93,473200,517052,375.21,-0.463,3917,3903,3908,14,0,82.6,28.1,83.1,28.4,"none","none",81.8,27.7,-3904,-3913,-3908,-3910,-3908,-3904,-3908,-3905,-3908,-3908,-3908,-3910,-3908,-3908,-3908,-3910,-3906,-3910,-3908,-3906,-3908,-3908,-3908,-3910,-3908,-3908,-3908,-3905,-3910,-3908,-3908,-3905,-3908,-3908,-3908,-3908,-3908,-3908,-3904,-3905,-3905,3913,-3903,-3905,-3908,-3908,-3908,-3905,-3908,-3910,-3904,-3905,-3908,3917,-3908,-3905,-3914,-3913,-3913,-3910,-3908,-3910,-3908,-3910,-3910,-3908,-3907,-3910,-3910,-3913,-3913,-3905,-3905,-3908,-3910,-3910,-3910,-3908,-3908,-3910,-3908,-3912,-3912,-3908,-3912,-3913,-3912,-3908,-3910,-3910,-3908,-3910,-3904,-3908,-3908,-3905,"na",69.78,12.08,56021,671,1862,0,0,0,0,22.5,79.06,-145796,70,1768431904.41,0,0,0,0,0,0,0,0,0,1,375.21,375.21,"D3157F",1,1,1,75,40,40,0,0,"00",0,0
"34",2026-01-15 12:05:21,"-36 46.52933","174 43.90357",71,0,93,473200,517052,375.21,-0.37,3917,3901,3908,16,0,82.4,28,83.1,28.4,"none","none",81.8,27.7,-3904,-3908,-3908,-3905,-3908,-3904,-3908,-3905,-3908,-3908,-3908,-3910,-3908,-3908,-3908,-3910,-3906,-3910,-3908,-3906,-3908,-3908,-3908,-3910,-3908,-3908,-3908,-3905,-3910,-3908,-3913,-3905,-3908,-3908,-3912,-3908,-3908,-3908,-3904,-3905,-3905,3913,-3903,-3905,-3908,-3908,-3908,-3905,-3908,-3905,-3908,-3910,-3908,3917,-3908,-3910,-3910,-3913,-3913,-3910,-3908,-3910,-3908,-3910,-3910,-3908,-3907,-3910,-3910,-3913,-3913,-3905,-3905,-3908,-3910,-3910,-3910,-3913,-3908,-3910,-3908,-3912,-3912,-3908,-3912,-3913,-3912,-3908,-3910,-3910,-3912,-3910,-3904,-3908,-3908,-3901,"na",69.78,12.08,56021,671,1862,0,0,0,0,22.5,79.06,-145796,70,1768431921.304,0,0,0,0,0,0,0,0,0,1,375.21,375.21,"E4227F",1,1,1,75,40,40,0,0,"00",0,0
"35",2026-01-15 12:05:37,"-36 46.52933","174 43.90357",71,0,93,473200,517052,375.2,-0.257,3917,3901,3908,16,0,82.4,28,83.1,28.4,"none","none",81.8,27.7,-3904,-3908,-3908,-3910,-3908,-3904,-3908,-3905,-3908,-3908,-3908,-3910,-3908,-3908,-3908,-3905,-3906,-3910,-3908,-3906,-3908,-3908,-3908,-3910,-3908,-3908,-3908,-3905,-3910,-3908,-3908,-3905,-3908,-3908,-3912,-3908,-3908,-3908,-3904,-3905,-3905,3913,-3903,-3905,-3908,-3908,-3908,-3905,-3908,-3910,-3908,-3910,-3908,3917,-3908,-3910,-3910,-3913,-3913,-3910,-3908,-3910,-3908,-3910,-3910,-3908,-3907,-3910,-3910,-3913,-3913,-3905,-3905,-3908,-3905,-3910,-3910,-3908,-3908,-3910,-3908,-3912,-3912,-3908,-3912,-3913,-3912,-3908,-3910,-3910,-3912,-3910,-3904,-3908,-3908,-3901,"na",69.78,12.08,56021,671,1862,0,0,0,0,22.5,79.06,-145796,70,1768431937.204,0,0,0,0,0,0,0,0,0,1,375.2,375.2,"F41D7F",1,1,1,75,40,40,0,0,"00",0,0
"36",2026-01-15 12:05:54,"-36 46.52933","174 43.90357",71,0,93,473200,517052,375.23,-0.111,3917,3903,3908,14,0,82.4,28,83.1,28.4,"none","none",81.8,27.7,-3904,-3908,-3908,-3910,-3908,-3904,-3904,-3905,-3908,-3908,-3908,-3910,-3908,-3908,-3908,-3910,-3906,-3910,-3908,-3906,-3908,-3908,-3908,-3910,-3908,-3908,-3908,-3905,-3910,-3908,-3908,-3905,-3908,-3908,-3912,-3908,-3908,-3908,-3904,-3905,-3905,3913,-3903,-3905,-3908,-3908,-3908,-3905,-3908,-3910,-3908,-3910,-3908,3917,-3908,-3910,-3914,-3913,-3913,-3910,-3908,-3910,-3908,-3910,-3910,-3908,-3907,-3910,-3910,-3913,-3913,-3910,-3905,-3908,-3910,-3910,-3910,-3913,-3908,-3910,-3908,-3912,-3912,-3908,-3912,-3913,-3912,-3908,-3910,-3910,-3912,-3910,-3904,-3908,-3908,-3905,"na",69.78,12,56021,671,1862,0,0,0,0,22.5,79.06,-145796,70,1768431954.127,0,0,0,0,0,0,0,0,0,1,375.23,375.23,"051B7F",1,1,1,75,40,40,0,0,"00",0,0
"37",2026-01-15 12:06:11,"-36 46.52933","174 43.90357",71,0,93,473200,517052,375.32,0.719,3918,3902,3909,16,0,82.6,28.1,83.1,28.4,"none","none",81.8,27.7,-3905,-3914,-3909,-3911,-3909,-3905,-3909,-3906,-3909,-3909,-3909,-3911,-3909,-3909,-3909,-3911,-3907,-3911,-3909,-3907,-3909,-3909,-3909,-3911,-3909,-3909,-3909,-3906,-3911,-3909,-3909,-3906,-3909,-3909,-3913,-3909,-3909,-3909,-3905,-3906,-3906,3914,-3904,-3906,-3909,-3909,-3909,-3906,-3909,-3911,-3909,-3911,-3909,3918,-3909,-3906,-3915,-3914,-3914,-3911,-3909,-3911,-3909,-3911,-3911,-3909,-3908,-3911,-3911,-3914,-3914,-3911,-3906,-3909,-3911,-3911,-3911,-3909,-3909,-3911,-3909,-3913,-3913,-3909,-3913,-3914,-3913,-3914,-3911,-3911,-3909,-3911,-3909,-3909,-3909,-3902,"na",69.78,12,56021,671,1862,0,0,0,0,22.5,79.06,-145796,70,1768431971.612,0,0,0,0,0,0,0,0,0,1,375.32,375.32,"17197F",1,1,1,75,40,40,0,0,"00",0,0
"38",2026-01-15 12:06:28,"-36 46.52933","174 43.90357",71,0,93,473200,517052,375.24,-0.424,3917,3903,3908,14,0,82.6,28.1,83.1,28.4,"none","none",81.8,27.7,-3904,-3913,-3908,-3910,-3908,-3904,-3908,-3905,-3908,-3908,-3908,-3910,-3908,-3908,-3908,-3910,-3906,-3910,-3908,-3906,-3908,-3908,-3908,-3910,-3908,-3908,-3908,-3905,-3910,-3908,-3908,-3910,-3908,-3908,-3912,-3908,-3908,-3908,-3904,-3905,-3905,3913,-3903,-3905,-3908,-3908,-3908,-3905,-3908,-3910,-3908,-3910,-3908,3917,-3908,-3910,-3914,-3913,-3913,-3910,-3908,-3910,-3908,-3910,-3910,-3908,-3907,-3910,-3910,-3913,-3913,-3905,-3905,-3908,-3910,-3910,-3910,-3913,-3908,-3910,-3908,-3912,-3912,-3908,-3912,-3913,-3912,-3908,-3910,-3910,-3912,-3910,-3904,-3908,-3908,-3905,"na",69.78,12,56021,671,1862,0,0,0,0,22.5,79.06,-145796,70,1768431988.909,0,0,0,0,0,0,0,0,0,1,375.24,375.24,"284C7F",1,1,1,75,40,40,0,0,"00",0,0
"39",2026-01-15 12:06:43,"-36 46.52933","174 43.90357",71,0,93,473200,517052,375.24,-0.258,3917,3903,3908,14,0,82.6,28.1,83.1,28.4,"none","none",81.8,27.7,-3904,-3913,-3908,-3910,-3908,-3904,-3908,-3905,-3908,-3908,-3908,-3910,-3908,-3908,-3908,-3910,-3906,-3910,-3908,-3906,-3908,-3908,-3908,-3910,-3908,-3908,-3908,-3905,-3910,-3908,-3913,-3905,-3908,-3908,-3912,-3908,-3908,-3908,-3904,-3905,-3905,3913,-3903,-3905,-3908,-3908,-3908,-3905,-3908,-3910,-3908,-3910,-3908,3917,-3908,-3910,-3914,-3913,-3913,-3910,-3908,-3910,-3908,-3910,-3910,-3908,-3911,-3910,-3910,-3913,-3913,-3910,-3905,-3908,-3910,-3910,-3910,-3913,-3908,-3910,-3908,-3912,-3912,-3908,-3912,-3913,-3912,-3913,-3910,-3910,-3908,-3910,-3904,-3908,-3908,-3905,"na",69.78,12,56021,671,1862,0,0,0,0,22.5,79.06,-145796,70,1768432003.828,0,0,0,0,0,0,0,0,0,1,375.24,375.24,"370B7F",1,1,1,75,40,40,0,0,"00",0,0
"40",2026-01-15 12:06:58,"-36 46.52933","174 43.90357",71,0,93,473200,517052,375.34,0.128,3917,3902,3908,15,0,82.4,28,83.1,28.4,"none","none",81.8,27.7,-3908,-3913,-3908,-3910,-3908,-3904,-3908,-3910,-3908,-3908,-3908,-3910,-3908,-3908,-3908,-3910,-3906,-3910,-3908,-3906,-3908,-3908,-3908,-3910,-3908,-3908,-3908,-3905,-3910,-3908,-3908,-3910,-3908,-3908,-3912,-3908,-3908,-3908,-3904,-3905,-3905,3913,-3903,-3905,-3908,-3908,-3908,-3905,-3904,-3910,-3908,-3910,-3908,3917,-3908,-3910,-3914,-3913,-3913,-3910,-3908,-3910,-3908,-3910,-3910,-3908,-3911,-3910,-3910,-3913,-3913,-3905,-3905,-3908,-3910,-3910,-3910,-3913,-3908,-3910,-3908,-3912,-3912,-3908,-3912,-3913,-3912,-3908,-3910,-3910,-3912,-3910,-3905,-3909,-3909,-3902,"na",69.78,12,56021,671,1862,0,0,0,0,22.5,79.06,-145796,70,1768432018.228,0,0,0,0,0,0,0,0,0,1,375.34,375.34,"450C7F",1,1,1,75,40,40,0,0,"00",0,0
"41",2026-01-15 12:07:12,"-36 46.52934","174 43.90356",71,0,93,473200,517052,375.24,-0.463,3917,3903,3908,14,0,82.4,28,83.1,28.4,"none","none",81.6,27.6,-3904,-3913,-3908,-3910,-3908,-3904,-3908,-3910,-3908,-3908,-3908,-3910,-3908,-3908,-3908,-3910,-3906,-3910,-3908,-3906,-3908,-3908,-3908,-3910,-3908,-3908,-3908,-3905,-3910,-3908,-3913,-3910,-3908,-3908,-3912,-3908,-3908,-3908,-3904,-3905,-3905,3913,-3903,-3905,-3908,-3908,-3908,-3905,-3908,-3910,-3908,-3910,-3908,3917,-3908,-3910,-3914,-3913,-3913,-3906,-3908,-3910,-3908,-3910,-3910,-3908,-3911,-3910,-3910,-3913,-3913,-3910,-3905,-3908,-3910,-3910,-3910,-3908,-3908,-3910,-3908,-3912,-3912,-3908,-3912,-3913,-3912,-3913,-3910,-3910,-3912,-3910,-3904,-3908,-3908,-3905,"na",69.78,12,56021,671,1862,0,0,0,0,22.5,79.06,-145796,70,1768432032.31,0,0,0,0,0,0,0,0,0,1,375.24,375.24,"530C7F",1,1,1,75,40,40,0,0,"00",0,0
"42",2026-01-15 12:07:26,"-36 46.52934","174 43.90355",70,0,93,473200,517052,375.24,-0.018,3917,3901,3908,16,0,82.6,28.1,83.1,28.4,"none","none",81.8,27.7,-3908,-3913,-3908,-3910,-3908,-3904,-3908,-3910,-3908,-3908,-3908,-3910,-3908,-3908,-3908,-3910,-3906,-3910,-3908,-3906,-3913,-3908,-3912,-3910,-3908,-3908,-3908,-3910,-3910,-3908,-3908,-3905,-3908,-3908,-3912,-3908,-3908,-3908,-3904,-3905,-3905,3913,-3903,-3905,-3908,-3908,-3908,-3905,-3908,-3910,-3908,-3910,-3908,3917,-3908,-3910,-3914,-3913,-3913,-3910,-3908,-3910,-3908,-3910,-3910,-3908,-3911,-3910,-3910,-3913,-3913,-3910,-3905,-3908,-3910,-3910,-3910,-3908,-3908,-3910,-3912,-3912,-3912,-3908,-3912,-3913,-3912,-3908,-3910,-3910,-3912,-3910,-3904,-3908,-3908,-3901,"na",69.78,12,56021,671,1862,0,0,0,0,22.5,79.06,-145796,70,1768432046.036,0,0,0,0,0,0,0,0,0,1,375.24,375.24,"610D7F",1,1,1,75,40,40,0,0,"00",0,0
"43",2026-01-15 12:07:40,"-36 46.52934","174 43.90355",70,0,93,473200,517052,375.26,-0.277,3917,3901,3908,16,0,82.6,28.1,83.1,28.4,"none","none",82,27.8,-3904,-3913,-3908,-3910,-3908,-3904,-3908,-3910,-3908,-3908,-3908,-3910,-3908,-3908,-3908,-3910,-3906,-3910,-3908,-3906,-3908,-3908,-3912,-3910,-3908,-3908,-3908,-3905,-3910,-3908,-3913,-3905,-3908,-3908,-3912,-3908,-3908,-3908,-3904,-3905,-3910,3913,-3903,-3905,-3908,-3908,-3908,-3905,-3908,-3910,-3908,-3910,-3908,3917,-3908,-3910,-3914,-3913,-3913,-3910,-3908,-3910,-3908,-3910,-3910,-3908,-3911,-3910,-3910,-3913,-3913,-3910,-3905,-3913,-3910,-3910,-3910,-3908,-3908,-3910,-3908,-3912,-3912,-3908,-3912,-3913,-3912,-3908,-3910,-3910,-3912,-3910,-3908,-3908,-3908,-3901,"na",69.78,12,56021,671,1862,0,0,0,0,22.5,79.06,-145796,70,1768432060.811,0,0,0,0,0,0,0,0,0,1,375.26,375.26,"700E7F",1,1,1,75,40,40,0,0,"00",0,0
"44",2026-01-15 12:07:54,"-36 46.52934","174 43.90354",70,0,93,473200,517052,375.27,-0.184,3917,3901,3908,16,0,82.6,28.1,83.1,28.4,"none","none",81.8,27.7,-3904,-3913,-3908,-3910,-3908,-3904,-3908,-3910,-3908,-3908,-3908,-3910,-3908,-3908,-3908,-3905,-3906,-3910,-3908,-3906,-3908,-3908,-3908,-3910,-3908,-3908,-3908,-3905,-3910,-3908,-3908,-3905,-3908,-3908,-3912,-3908,-3908,-3908,-3904,-3905,-3905,3913,-3903,-3905,-3908,-3908,-3908,-3905,-3908,-3910,-3908,-3910,-3908,3917,-3908,-3910,-3914,-3913,-3913,-3910,-3908,-3910,-3908,-3910,-3910,-3908,-3911,-3910,-3910,-3913,-3913,-3905,-3905,-3913,-3910,-3910,-3910,-3913,-3908,-3910,-3908,-3912,-3912,-3908,-3912,-3913,-3912,-3913,-3910,-3910,-3912,-3910,-3904,-3908,-3908,-3901,"na",69.78,12,56021,671,1862,0,0,0,0,22.5,79.06,-145796,70,1768432074.946,0,0,0,0,0,0,0,0,0,1,375.27,375.27,"7E117F",1,1,1,75,40,40,0,0,"00",0,0
"45",2026-01-15 12:08:08,"-36 46.52935","174 43.90354",70,0,93,473200,517052,375.25,-0.13,3917,3901,3909,16,0,82.4,28,83.1,28.4,"none","none",81.8,27.7,-3904,-3913,-3908,-3910,-3908,-3904,-3908,-3910,-3908,-3908,-3908,-3910,-3908,-3913,-3908,-3905,-3906,-3910,-3908,-3906,-3908,-3908,-3908,-3910,-3908,-3908,-3908,-3905,-3910,-3908,-3913,-3910,-3908,-3908,-3912,-3908,-3908,-3908,-3904,-3905,-3905,3913,-3903,-3905,-3908,-3908,-3908,-3905,-3908,-3910,-3908,-3910,-3908,3917,-3908,-3910,-3914,-3913,-3913,-3910,-3908,-3910,-3908,-3910,-3910,-3908,-3911,-3910,-3910,-3913,-3913,-3910,-3905,-3908,-3910,-3910,-3910,-3913,-3908,-3910,-3912,-3912,-3912,-3908,-3912,-3913,-3912,-3913,-3910,-3910,-3912,-3910,-3904,-3908,-3908,-3901,"na",69.78,12,56021,671,1862,0,0,0,0,22.5,79.06,-145796,70,1768432088.946,0,0,0,0,0,0,0,0,0,1,375.25,375.25,"8C0F7F",1,1,1,75,40,40,0,0,"00",0,0
"46",2026-01-15 12:08:23,"-36 46.52935","174 43.90353",70,0,93,473200,517052,375.35,-0.204,3915,3901,3909,14,0,82.4,28,83.1,28.4,"none","none",81.8,27.7,-3905,-3914,-3909,-3911,-3909,-3905,-3909,-3906,-3909,-3909,-3909,-3911,-3909,-3909,-3909,-3911,-3907,-3911,-3909,-3907,-3914,-3909,-3913,-3911,-3909,-3909,-3909,-3911,-3911,-3909,-3914,-3911,-3909,-3909,-3913,-3909,-3909,-3909,-3905,-3906,-3906,3914,-3904,-3906,-3909,-3909,-3909,-3911,-3909,-3911,-3909,-3911,-3909,3913,-3909,-3911,-3915,-3914,-3914,-3911,-3908,-3910,-3908,-3910,-3910,-3908,-3911,-3910,-3910,-3913,-3913,-3910,-3905,-3913,-3910,-3910,-3910,-3913,-3908,-3910,-3908,-3912,-3912,-3908,-3912,-3913,-3912,-3913,-3910,-3910,-3912,-3910,-3904,-3908,-3908,-3901,"na",69.78,12,56021,671,1862,0,0,0,0,22.5,79.06,-145796,70,1768432103.066,0,0,0,0,0,0,0,0,0,1,375.35,375.35,"9A0C7F",1,1,1,75,40,40,0,0,"00",0,0
"47",2026-01-15 12:08:37,"-36 46.52935","174 43.90353",70,0,93,473200,517052,375.27,-0.184,3917,3903,3909,14,0,82.6,28.1,83.1,28.4,"none","none",81.8,27.7,-3908,-3913,-3908,-3910,-3908,-3904,-3908,-3910,-3908,-3908,-3908,-3910,-3908,-3908,-3908,-3910,-3906,-3910,-3908,-3906,-3908,-3908,-3912,-3910,-3908,-3908,-3908,-3905,-3910,-3908,-3913,-3910,-3908,-3908,-3912,-3908,-3908,-3908,-3904,-3905,-3905,3913,-3903,-3905,-3908,-3908,-3908,-3905,-3908,-3910,-3904,-3910,-3908,3917,-3908,-3910,-3914,-3913,-3913,-3910,-3908,-3910,-3908,-3910,-3910,-3908,-3911,-3910,-3910,-3913,-3913,-3910,-3905,-3913,-3910,-3910,-3910,-3913,-3908,-3910,-3908,-3912,-3912,-3908,-3912,-3913,-3912,-3908,-3910,-3910,-3912,-3910,-3908,-3908,-3908,-3905,"na",69.78,12,56021,671,1862,0,0,0,0,22.5,79.06,-145796,70,1768432117.549,0,0,0,0,0,0,0,0,0,1,375.27,375.27,"A80D7F",1,1,1,75,40,40,0,0,"00",0,0
"48",2026-01-15 12:08:53,"-36 46.52935","174 43.90353",70,0,93,473200,517052,375.27,0.938,3918,3904,3910,14,0,82.4,28,83.1,28.4,"none","none",81.8,27.7,-3909,-3914,-3909,-3911,-3909,-3905,-3909,-3906,-3909,-3909,-3909,-3911,-3909,-3909,-3909,-3911,-3907,-3911,-3909,-3907,-3914,-3909,-3913,-3911,-3909,-3909,-3909,-3911,-3911,-3909,-3914,-3911,-3909,-3909,-3913,-3909,-3909,-3909,-3905,-3906,-3911,3914,-3904,-3906,-3909,-3909,-3909,-3906,-3909,-3911,-3909,-3911,-3909,3918,-3909,-3911,-3915,-3914,-3914,-3911,-3909,-3911,-3909,-3911,-3911,-3914,-3912,-3911,-3911,-3914,-3914,-3906,-3906,-3914,-3911,-3911,-3911,-3914,-3909,-3911,-3909,-3913,-3913,-3909,-3912,-3913,-3912,-3913,-3910,-3910,-3912,-3910,-3904,-3908,-3908,-3905,"na",69.78,12,56021,671,1862,0,0,0,0,22.5,79.06,-145796,70,1768432133.191,0,0,0,0,0,0,0,0,0,1,375.27,375.27,"B80D7F",1,1,1,75,40,40,0,0,"00",0,0
"49",2026-01-15 12:09:09,"-36 46.52936","174 43.90352",70,0,93,473200,517052,375.29,-0.404,3917,3903,3909,14,0,82.4,28,82.9,28.3,"none","none",81.8,27.7,-3908,-3913,-3908,-3910,-3908,-3904,-3908,-3905,-3908,-3908,-3908,-3910,-3908,-3908,-3908,-3910,-3906,-3910,-3908,-3906,-3913,-3908,-3908,-3910,-3908,-3908,-3908,-3910,-3910,-3908,-3913,-3910,-3908,-3908,-3912,-3908,-3908,-3908,-3904,-3905,-3905,3913,-3903,-3905,-3908,-3908,-3908,-3910,-3908,-3910,-3904,-3910,-3908,3917,-3908,-3910,-3914,-3913,-3913,-3910,-3908,-3910,-3908,-3910,-3910,-3908,-3911,-3910,-3910,-3913,-3913,-3910,-3905,-3913,-3910,-3910,-3910,-3913,-3908,-3910,-3908,-3912,-3912,-3908,-3912,-3913,-3912,-3913,-3910,-3910,-3912,-3910,-3904,-3908,-3908,-3905,"na",69.78,12,56021,671,1862,0,0,0,0,22.5,79.06,-145796,70,1768432149.689,0,0,0,0,0,0,0,0,0,1,375.29,375.29,"C90A7F",1,1,1,75,40,40,0,0,"00",0,0
"50",2026-01-15 12:09:24,"-36 46.52937","174 43.90353",70,0,93,473200,517052,375.28,-0.091,3917,3901,3909,16,0,82.4,28,82.9,28.3,"none","none",81.8,27.7,-3904,-3913,-3908,-3910,-3908,-3908,-3908,-3910,-3908,-3908,-3908,-3910,-3908,-3908,-3908,-3910,-3906,-3910,-3908,-3906,-3913,-3908,-3908,-3910,-3908,-3908,-3908,-3910,-3910,-3908,-3913,-3910,-3908,-3908,-3912,-3908,-3908,-3908,-3904,-3905,-3910,3913,-3903,-3905,-3908,-3908,-3908,-3910,-3908,-3910,-3908,-3905,-3908,3917,-3908,-3910,-3914,-3913,-3913,-3910,-3908,-3910,-3908,-3910,-3910,-3908,-3907,-3910,-3910,-3913,-3913,-3910,-3905,-3913,-3910,-3910,-3910,-3913,-3908,-3910,-3912,-3912,-3912,-3908,-3912,-3913,-3912,-3913,-3910,-3910,-3912,-3910,-3908,-3908,-3908,-3901,"na",69.78,12,56021,671,1862,0,0,0,0,22.5,79.06,-145796,70,1768432164.285,0,0,0,0,0,0,0,0,0,1,375.28,375.28,"D70A7F",1,1,1,75,40,40,0,0,"00",0,0
"51",2026-01-15 12:09:39,"-36 46.52937","174 43.90353",70,0,93,473200,517052,375.28,-0.204,3918,3901,3909,17,0,82.6,28.1,82.9,28.3,"none","none",81.8,27.7,-3909,-3914,-3909,-3911,-3909,-3905,-3909,-3911,-3909,-3909,-3909,-3911,-3909,-3909,-3909,-3911,-3907,-3911,-3909,-3907,-3909,-3913,-3909,-3911,-3909,-3909,-3909,-3911,-3911,-3909,-3914,-3911,-3909,-3909,-3913,-3909,-3909,-3909,-3905,-3906,-3906,3914,-3904,-3906,-3909,-3909,-3909,-3906,-3909,-3911,-3909,-3911,-3909,3918,-3909,-3911,-3915,-3914,-3914,-3911,-3909,-3911,-3909,-3911,-3911,-3909,-3912,-3911,-3911,-3914,-3914,-3911,-3905,-3908,-3910,-3910,-3910,-3913,-3908,-3910,-3908,-3912,-3912,-3908,-3912,-3913,-3912,-3908,-3910,-3910,-3912,-3910,-3908,-3908,-3908,-3901,"na",69.78,12,56021,671,1862,0,0,0,0,22.5,79.06,-145796,70,1768432179.525,0,0,0,0,0,0,0,0,0,1,375.28,375.28,"E6137F",1,1,1,75,40,40,0,0,"00",0,0
"52",2026-01-15 12:09:54,"-36 46.52928","174 43.90373",71,0,93,473200,517052,375.28,-0.257,3917,3901,3909,16,0,82.4,28,83.1,28.4,"none","none",81.8,27.7,-3904,-3913,-3908,-3910,-3908,-3904,-3908,-3905,-3908,-3908,-3908,-3910,-3908,-3908,-3908,-3910,-3906,-3910,-3908,-3906,-3913,-3908,-3912,-3910,-3908,-3908,-3908,-3905,-3910,-3908,-3913,-3910,-3908,-3908,-3912,-3908,-3908,-3908,-3904,-3905,-3910,3913,-3903,-3905,-3908,-3908,-3908,-3905,-3908,-3910,-3908,-3910,-3908,3917,-3908,-3910,-3914,-3913,-3913,-3910,-3908,-3910,-3908,-3910,-3910,-3908,-3911,-3910,-3910,-3913,-3913,-3910,-3905,-3913,-3910,-3910,-3910,-3913,-3908,-3910,-3912,-3912,-3912,-3908,-3912,-3913,-3912,-3913,-3910,-3910,-3912,-3910,-3908,-3908,-3908,-3901,"na",69.78,12,56021,671,1862,0,0,0,0,22.5,79.06,-145796,70,1768432194.471,0,0,0,0,0,0,0,0,0,1,375.28,375.28,"F50A7F",1,1,1,75,40,40,0,0,"00",0,0
"53",2026-01-15 12:10:05,"-36 46.52928","174 43.90373",71,0,93,473200,517052,375.39,0.553,3917,3901,3909,16,0,82.6,28.1,82.9,28.3,"none","none",81.8,27.7,-3908,-3913,-3908,-3905,-3908,-3904,-3908,-3905,-3908,-3908,-3908,-3910,-3908,-3908,-3908,-3910,-3906,-3910,-3908,-3906,-3908,-3908,-3912,-3910,-3908,-3908,-3908,-3910,-3910,-3908,-3913,-3910,-3908,-3908,-3912,-3908,-3908,-3908,-3904,-3905,-3910,3913,-3903,-3905,-3908,-3908,-3908,-3905,-3908,-3910,-3908,-3910,-3908,3917,-3908,-3910,-3914,-3913,-3913,-3910,-3908,-3910,-3908,-3910,-3910,-3908,-3911,-3910,-3910,-3913,-3913,-3910,-3905,-3913,-3910,-3910,-3910,-3913,-3908,-3910,-3912,-3912,-3912,-3908,-3912,-3913,-3912,-3913,-3910,-3910,-3912,-3910,-3908,-3908,-3908,-3901,"na",69.78,12.08,56021,671,1862,0,0,0,0,22.5,79.06,-145796,70,1768432205.165,0,0,0,0,0,0,0,0,0,1,375.39,375.39,"FD0C77",0,1,1,75,40,40,0,0,"00",0,0
"54",2026-01-15 12:10:15,"-36 46.52928","174 43.90373",71,0,93,473001,517052,375,0,3917,3901,3909,16,0,82.6,28.1,82.9,28.3,"none","none",81.8,27.7,-3908,-3913,-3908,-3905,-3908,-3904,-3908,-3905,-3908,-3908,-3908,-3910,-3908,-3908,-3908,-3910,-3906,-3910,-3908,-3906,-3908,-3908,-3912,-3910,-3908,-3908,-3908,-3910,-3910,-3908,-3913,-3910,-3908,-3908,-3912,-3908,-3908,-3908,-3904,-3905,-3910,3913,-3903,-3905,-3908,-3908,-3908,-3905,-3908,-3910,-3908,-3910,-3908,3917,-3908,-3910,-3914,-3913,-3913,-3910,-3908,-3910,-3908,-3910,-3910,-3908,-3911,-3910,-3910,-3913,-3913,-3910,-3905,-3913,-3910,-3910,-3910,-3913,-3908,-3910,-3912,-3912,-3912,-3908,-3912,-3913,-3912,-3913,-3910,-3910,-3912,-3910,-3908,-3908,-3908,-3901,"na",69.78,12.16,56021,671,1862,0,0,0,0,22.5,79.06,-145796,70,1768432215.787,0,0,0,0,0,0,0,0,0,1,375.39,375,"FD0C77",0,0,1,75,40,40,0,0,"00",0,0
"55",2026-01-15 16:35:01,"-36 46.53039","174 43.90052",78,0,240,401181,1370000,349.53,0.681,3647,3635,3641,12,3632,77.5,25.3,77.5,25.3,"none","none",77.7,25.4,3644,3640,3639,3644,3640,3639,3642,3640,3642,3642,3638,3644,3644,3640,3639,3641,3644,3640,3642,3641,3640,3640,3639,3644,3644,3640,3642,3644,3644,3640,3639,3644,3639,3639,3639,3644,3642,3639,3642,3644,3640,3635,3642,3644,3644,3644,3639,3644,3639,3639,3639,3644,3644,3640,3642,3641,3644,3644,3635,3645,3640,3640,3639,3644,3640,3635,3647,3644,3644,3644,3640,3645,3639,3639,3635,3644,3635,3639,3639,3644,3644,3639,3638,3640,3644,3640,3639,3641,3639,3639,3638,3644,3635,3639,3639,3644,"na",97.66,14.4,34809,671,1862,0,0,0,0,23,100,-145796,57,1768448101.885,0,2,0,0,0,0,0,0,0,1,349.53,349.53,"000C7F",1,1,1,68,40,40,0,0,"00",0,0
"56",2026-01-15 16:35:19,"-36 46.52887","174 43.89868",75,0,240,401147,1370000,349.51,0.514,3648,3635,3640,13,3628,77.4,25.2,77.5,25.3,"none","none",77.9,25.5,3644,3640,3639,3644,3640,3639,3642,3640,3642,3642,3638,3644,3640,3640,3639,3641,3644,3635,3642,3641,3640,3635,3639,3644,3644,3640,3642,3644,3644,3640,3639,3644,3639,3639,3639,3640,3642,3639,3642,3644,3640,3635,3642,3644,3644,3644,3639,3644,3644,3639,3639,3644,3644,3640,3642,3641,3644,3640,3635,3645,3640,3640,3639,3644,3640,3635,3647,3640,3644,3644,3640,3641,3639,3639,3635,3644,3640,3639,3635,3644,3644,3639,3638,3640,3644,3640,3639,3641,3639,3639,3638,3644,3635,3639,3635,3648,"7.91",97.66,14.4,34809,671,1862,0,0,0,0,23,100,-145796,57,1768448119.28,0,2,0,0,0,0,0,0,0,1,349.51,349.51,"11087F",1,1,1,68,40,40,0,0,"00",0,0
"57",2026-01-15 16:35:41,"-36 46.52852","174 43.89802",73,0,240,401138,1370000,349.54,0,3648,3635,3641,13,3630,77.4,25.2,77.7,25.4,"none","none",77.9,25.5,3644,3640,3639,3644,3640,3639,3642,3640,3642,3642,3638,3644,3644,3640,3639,3641,3644,3635,3642,3641,3640,3640,3639,3644,3644,3640,3642,3644,3644,3640,3639,3644,3639,3639,3639,3644,3642,3639,3642,3644,3635,3635,3642,3644,3644,3639,3639,3644,3644,3639,3639,3644,3644,3640,3642,3641,3644,3644,3635,3645,3640,3640,3639,3644,3640,3640,3647,3644,3644,3644,3640,3645,3639,3639,3635,3644,3640,3639,3639,3644,3644,3639,3638,3640,3648,3640,3639,3641,3639,3639,3638,3644,3640,3639,3635,3644,"6.71",97.66,14.4,34809,671,1862,0,0,0,0,23,100,-145796,57,1768448141.001,0,2,0,0,0,0,0,0,0,1,349.54,349.54,"270B7F",1,1,1,68,40,40,0,0,"00",0,0
"58",2026-01-15 16:36:06,"-36 46.52851","174 43.89813",73,0,240,401080,1370000,349.53,0,3648,3635,3640,13,3628,77.5,25.3,77.7,25.4,"none","none",77.7,25.4,3648,3640,3639,3644,3640,3639,3642,3640,3642,3642,3638,3644,3640,3640,3639,3641,3644,3635,3642,3641,3640,3640,3639,3644,3644,3640,3642,3644,3644,3640,3639,3644,3639,3639,3639,3644,3642,3639,3642,3644,3635,3635,3642,3644,3644,3639,3639,3640,3644,3639,3639,3644,3644,3640,3642,3641,3644,3644,3635,3645,3640,3640,3639,3644,3640,3635,3647,3644,3644,3644,3640,3645,3639,3639,3635,3644,3640,3639,3635,3644,3644,3639,3638,3640,3644,3640,3639,3641,3639,3639,3638,3644,3635,3639,3639,3644,"6.66",97.66,14.4,34809,671,1862,0,0,0,0,23,100,-145796,56,1768448166.019,0,2,0,0,0,0,0,0,0,1,349.53,349.53,"400B77",1,1,1,68,40,40,0,0,"00",0,0
"59",2026-01-15 17:46:55,"-36 46.52526","174 43.90753",65,0,240,400389,1370000,349.47,1.042,3647,3635,3640,12,3629,77.2,25.1,77.5,25.3,"none","none",77.7,25.4,3644,3640,3639,3644,3635,3639,3642,3640,3638,3638,3638,3644,3640,3640,3639,3641,3644,3635,3642,3641,3640,3640,3639,3644,3644,3640,3642,3644,3644,3640,3639,3644,3639,3639,3639,3640,3642,3639,3638,3644,3635,3635,3642,3640,3639,3639,3639,3644,3639,3639,3639,3644,3644,3640,3642,3641,3644,3640,3635,3645,3640,3635,3639,3644,3635,3635,3647,3640,3644,3644,3635,3641,3639,3639,3635,3644,3635,3639,3635,3640,3644,3639,3638,3640,3644,3640,3639,3641,3639,3639,3638,3644,3635,3639,3635,3644,"na",97.66,12.16,34809,671,1862,0,0,0,0,23,100,-145796,55,1768452415.979,0,0,0,0,0,0,0,0,0,1,349.47,349.47,"410E7F",1,1,1,67,40,40,0,0,"00",0,0
"60",2026-01-15 17:47:14,"-36 46.5226","174 43.90574",75,0,240,400389,1370000,349.37,-0.358,3646,3634,3639,12,3628,77.4,25.2,77.5,25.3,"none","none",77.7,25.4,3643,3639,3638,3643,3634,3638,3641,3639,3641,3637,3637,3643,3639,3639,3638,3640,3643,3634,3641,3640,3639,3634,3638,3643,3643,3639,3641,3643,3643,3639,3638,3643,3638,3638,3638,3639,3641,3638,3637,3643,3634,3634,3641,3639,3643,3638,3638,3643,3638,3638,3638,3643,3643,3639,3641,3640,3643,3639,3634,3644,3639,3639,3638,3643,3639,3634,3646,3643,3643,3643,3639,3640,3638,3638,3634,3643,3634,3638,3634,3639,3643,3638,3637,3639,3643,3639,3638,3640,3638,3638,3637,3643,3634,3638,3634,3643,"na",97.66,12.16,34809,671,1862,0,0,0,0,23,100,-145796,55,1768452434.298,0,0,0,0,0,0,0,0,0,1,349.37,349.37,"54047F",1,1,1,67,40,40,0,0,"00",0,0
"61",2026-01-15 17:47:29,"-36 46.52272","174 43.90601",75,0,240,400389,1370000,349.39,-0.619,3646,3634,3639,12,3628,77.2,25.1,77.5,25.3,"none","none",77.7,25.4,3643,3639,3638,3643,3634,3638,3641,3639,3641,3637,3637,3643,3639,3639,3638,3640,3643,3634,3641,3640,3639,3639,3638,3643,3643,3639,3641,3643,3643,3639,3638,3643,3638,3638,3638,3639,3641,3638,3637,3643,3634,3634,3641,3643,3643,3638,3638,3643,3638,3638,3638,3643,3643,3639,3641,3640,3643,3639,3634,3644,3639,3639,3638,3643,3639,3634,3646,3643,3643,3643,3634,3640,3638,3638,3634,3643,3634,3638,3634,3639,3643,3638,3637,3639,3643,3639,3638,3640,3638,3638,3637,3643,3634,3638,3634,3643,"na",97.66,12.16,34809,671,1862,0,0,0,0,23,100,-145796,55,1768452449.036,0,0,0,0,0,0,0,0,0,1,349.39,349.39,"63057F",1,1,1,67,40,40,0,0,"00",0,0
"62",2026-01-15 17:47:43,"-36 46.52239","174 43.90608",76,0,240,400389,1370000,349.38,-0.191,3646,3634,3639,12,3628,77.2,25.1,77.5,25.3,"none","none",77.7,25.4,3643,3639,3634,3643,3639,3638,3641,3639,3637,3641,3637,3643,3639,3639,3638,3640,3643,3634,3641,3640,3639,3639,3638,3643,3643,3639,3641,3643,3643,3639,3638,3643,3638,3638,3638,3643,3641,3638,3641,3643,3634,3634,3641,3643,3638,3638,3638,3643,3643,3638,3638,3643,3643,3639,3641,3640,3643,3639,3634,3644,3639,3639,3638,3643,3639,3634,3646,3643,3643,3639,3634,3640,3638,3638,3634,3643,3639,3638,3634,3639,3643,3638,3637,3639,3643,3639,3638,3640,3638,3638,3637,3643,3634,3638,3634,3643,"na",97.66,12.08,34809,671,1862,0,0,0,0,23,100,-145796,55,1768452463.743,0,0,0,0,0,0,0,0,0,1,349.38,349.38,"72057F",1,1,1,67,40,40,0,0,"00",0,0
"63",2026-01-15 17:47:59,"-36 46.52231","174 43.90598",77,0,240,400389,1370000,349.4,-0.264,3646,3634,3639,12,3628,77.4,25.2,77.4,25.2,"none","none",77.7,25.4,3643,3639,3638,3643,3639,3638,3641,3639,3637,3637,3637,3643,3639,3639,3638,3640,3643,3634,3641,3640,3639,3634,3638,3643,3643,3639,3641,3643,3643,3639,3638,3643,3638,3638,3638,3639,3641,3638,3641,3643,3634,3634,3641,3639,3638,3638,3638,3643,3643,3638,3638,3643,3643,3639,3641,3640,3643,3643,3634,3644,3639,3639,3638,3643,3639,3634,3646,3639,3643,3643,3634,3644,3638,3638,3634,3643,3634,3638,3634,3639,3643,3638,3637,3639,3643,3639,3638,3640,3638,3638,3637,3643,3634,3638,3634,3643,"na",97.66,12.08,34809,671,1862,0,0,0,0,23,100,-145796,55,1768452479.182,0,0,0,0,0,0,0,0,0,1,349.4,349.4,"81047F",1,1,1,67,40,40,0,0,"00",0,0
"64",2026-01-15 17:48:13,"-36 46.52231","174 43.90601",77,0,240,400389,1370000,349.49,1.136,3647,3634,3640,13,3629,77.4,25.2,77.5,25.3,"none","none",77.7,25.4,3647,3639,3638,3643,3634,3638,3641,3639,3641,3641,3637,3643,3639,3639,3638,3640,3643,3634,3641,3640,3639,3639,3638,3643,3643,3639,3641,3643,3643,3639,3638,3643,3639,3639,3639,3640,3642,3639,3638,3644,3635,3635,3642,3644,3639,3639,3639,3644,3639,3639,3639,3644,3644,3640,3642,3641,3644,3644,3635,3645,3640,3640,3639,3644,3640,3635,3647,3644,3644,3644,3640,3641,3644,3639,3635,3644,3635,3639,3635,3640,3644,3639,3638,3640,3644,3640,3639,3641,3639,3639,3638,3644,3635,3639,3635,3644,"na",97.66,12.08,34809,671,1862,0,0,0,0,23,100,-145796,55,1768452493.47,0,0,0,0,0,0,0,0,0,1,349.49,349.49,"8F0B7F",1,1,1,67,40,40,0,0,"00",0,0
"65",2026-01-15 17:48:30,"-36 46.52299","174 43.90663",77,0,240,400389,1370000,349.39,-0.472,3646,3634,3639,12,3628,77.2,25.1,77.4,25.2,"none","none",77.7,25.4,3643,3639,3638,3643,3639,3638,3641,3639,3641,3637,3637,3643,3639,3639,3638,3640,3643,3634,3641,3640,3639,3634,3638,3643,3643,3639,3641,3643,3643,3639,3638,3643,3638,3638,3638,3643,3641,3638,3637,3643,3634,3634,3641,3643,3643,3638,3638,3639,3643,3638,3638,3643,3643,3639,3641,3640,3643,3639,3634,3644,3639,3639,3638,3643,3639,3634,3646,3643,3643,3643,3639,3640,3643,3638,3634,3643,3634,3638,3634,3639,3643,3638,3637,3639,3643,3639,3638,3640,3638,3638,3637,3643,3634,3638,3634,3643,"na",97.66,12.08,34809,671,1862,0,0,0,0,23,100,-145796,55,1768452510.583,0,0,0,0,0,0,0,0,0,1,349.39,349.39,"A10B7F",1,1,1,67,40,40,0,0,"00",0,0
"66",2026-01-15 17:48:45,"-36 46.52302","174 43.90668",77,0,240,400389,1370000,349.39,-0.212,3646,3634,3639,12,3628,77.4,25.2,77.4,25.2,"none","none",77.7,25.4,3643,3639,3638,3643,3639,3638,3641,3639,3637,3637,3637,3643,3639,3639,3638,3640,3643,3634,3641,3640,3639,3634,3638,3643,3643,3639,3641,3643,3643,3639,3638,3643,3638,3638,3638,3639,3641,3638,3641,3643,3634,3634,3641,3643,3638,3638,3638,3643,3638,3638,3638,3643,3643,3639,3641,3640,3643,3639,3634,3644,3639,3639,3638,3643,3639,3634,3646,3643,3643,3643,3634,3640,3643,3638,3634,3643,3639,3638,3634,3639,3643,3638,3637,3639,3643,3639,3638,3640,3638,3634,3637,3643,3634,3638,3634,3643,"na",97.66,12.08,34809,671,1862,0,0,0,0,23,100,-145796,55,1768452525.975,0,0,0,0,0,0,0,0,0,1,349.39,349.39,"B00A7F",1,1,1,67,40,40,0,0,"00",0,0
"67",2026-01-15 17:49:00,"-36 46.52303","174 43.90667",77,0,240,400389,1370000,349.5,1.136,3647,3635,3640,12,3629,77,25,77.5,25.3,"none","none",77.7,25.4,3644,3640,3639,3644,3640,3639,3642,3640,3638,3642,3638,3644,3640,3640,3639,3641,3644,3635,3642,3641,3640,3635,3639,3644,3644,3640,3642,3644,3644,3640,3639,3644,3639,3639,3639,3644,3642,3639,3638,3644,3635,3635,3642,3644,3639,3639,3639,3644,3644,3639,3639,3644,3644,3640,3642,3641,3644,3640,3635,3645,3640,3640,3639,3644,3640,3635,3647,3644,3644,3644,3635,3641,3639,3639,3635,3644,3635,3639,3635,3640,3644,3639,3638,3640,3644,3640,3639,3641,3639,3639,3638,3644,3635,3639,3635,3639,"na",97.66,12.08,34809,671,1862,0,0,0,0,23,100,-145796,55,1768452540.367,0,0,0,0,0,0,0,0,0,1,349.5,349.5,"BE0A7F",1,1,1,67,40,40,0,0,"00",0,0
"68",2026-01-15 17:49:14,"-36 46.52303","174 43.90667",77,0,240,400389,1370000,349.5,-0.065,3647,3635,3640,12,3629,77.2,25.1,77.5,25.3,"none","none",77.7,25.4,3644,3640,3639,3644,3640,3639,3642,3640,3638,3642,3638,3644,3640,3640,3639,3641,3644,3640,3642,3641,3640,3640,3639,3644,3644,3640,3642,3644,3644,3640,3639,3644,3639,3639,3639,3640,3642,3639,3642,3644,3635,3635,3642,3644,3644,3639,3639,3644,3644,3639,3639,3644,3644,3640,3642,3641,3644,3644,3635,3645,3640,3640,3639,3644,3640,3640,3647,3640,3644,3644,3635,3641,3644,3639,3635,3644,3635,3639,3635,3644,3644,3639,3638,3640,3644,3640,3639,3641,3639,3635,3638,3644,3635,3639,3635,3644,"na",97.66,12.08,34809,671,1862,0,0,0,0,23,100,-145796,55,1768452554.565,0,0,0,0,0,0,0,0,0,1,349.5,349.5,"CD0A7F",1,1,1,67,40,40,0,0,"00",0,0
"69",2026-01-15 17:49:29,"-36 46.52305","174 43.90668",77,0,240,400389,1370000,349.48,1.302,3647,3635,3640,12,3629,77.4,25.2,77.5,25.3,"none","none",77.5,25.3,3644,3640,3639,3644,3640,3639,3642,3640,3638,3638,3638,3644,3640,3640,3639,3641,3644,3635,3642,3641,3640,3640,3639,3644,3644,3640,3642,3644,3644,3640,3639,3644,3639,3639,3639,3640,3642,3639,3642,3644,3635,3635,3642,3644,3639,3639,3639,3644,3639,3639,3639,3644,3644,3640,3642,3641,3644,3644,3635,3645,3640,3640,3639,3644,3640,3635,3647,3644,3644,3644,3635,3641,3644,3639,3635,3644,3635,3639,3639,3640,3644,3639,3638,3640,3644,3640,3639,3641,3639,3639,3638,3644,3635,3639,3635,3644,"na",97.66,12.08,34809,671,1862,0,0,0,0,23,100,-145796,55,1768452569.483,0,0,0,0,0,0,0,0,0,1,349.48,349.48,"DB0A7F",1,1,1,67,40,40,0,0,"00",0,0
"70",2026-01-15 17:49:44,"-36 46.5237","174 43.90703",77,0,240,400389,1370000,349.5,-0.305,3647,3635,3640,12,3629,77.2,25.1,77.4,25.2,"none","none",77.7,25.4,3643,3639,3638,3643,3639,3638,3641,3639,3637,3641,3637,3643,3640,3640,3639,3641,3644,3635,3642,3641,3640,3640,3639,3644,3644,3640,3642,3644,3644,3640,3639,3644,3639,3639,3639,3640,3642,3639,3642,3644,3635,3635,3642,3644,3639,3639,3639,3644,3644,3639,3639,3644,3644,3640,3642,3641,3644,3640,3635,3645,3640,3640,3639,3644,3640,3635,3647,3644,3644,3644,3635,3645,3644,3639,3635,3644,3640,3639,3635,3640,3644,3639,3638,3640,3644,3640,3639,3641,3639,3639,3638,3644,3635,3639,3635,3644,"na",97.66,12.08,34809,671,1862,0,0,0,0,23,100,-145796,55,1768452584.047,0,0,0,0,0,0,0,0,0,1,349.5,349.5,"EA0A7F",1,1,1,67,40,40,0,0,"00",0,0
"71",2026-01-15 17:49:58,"-36 46.52372","174 43.90705",77,0,240,400389,1370000,349.39,-0.64,3647,3634,3640,13,3629,77.2,25.1,77.5,25.3,"none","none",77.5,25.3,3643,3639,3638,3643,3634,3638,3641,3639,3641,3637,3637,3643,3639,3639,3638,3640,3643,3634,3641,3640,3639,3639,3638,3643,3643,3639,3641,3643,3643,3639,3638,3643,3638,3638,3638,3643,3641,3638,3641,3643,3634,3634,3641,3643,3643,3638,3638,3643,3639,3639,3639,3644,3644,3640,3642,3641,3644,3644,3635,3645,3640,3640,3639,3644,3640,3635,3647,3644,3644,3644,3635,3641,3644,3639,3635,3644,3640,3639,3639,3644,3644,3639,3638,3640,3644,3640,3639,3641,3639,3639,3638,3644,3635,3639,3635,3644,"na",97.66,12.08,34809,671,1862,0,0,0,0,23,100,-145796,55,1768452598.467,0,0,0,0,0,0,0,0,0,1,349.39,349.39,"F80A7F",1,1,1,67,40,40,0,0,"00",0,0
"72",2026-01-15 17:50:12,"-36 46.52374","174 43.90703",77,0,240,400389,1370000,349.41,-0.472,3646,3634,3639,12,3628,77.2,25.1,77.4,25.2,"none","none",77.7,25.4,3643,3639,3638,3643,3639,3638,3641,3639,3641,3641,3637,3643,3639,3639,3638,3640,3643,3634,3641,3640,3639,3634,3638,3643,3643,3639,3641,3643,3643,3639,3638,3643,3638,3638,3638,3643,3641,3638,3641,3643,3634,3634,3641,3643,3638,3638,3638,3643,3643,3638,3638,3643,3643,3639,3641,3640,3643,3643,3634,3644,3639,3639,3638,3643,3639,3634,3646,3643,3643,3643,3639,3640,3643,3638,3634,3643,3634,3638,3638,3643,3643,3638,3637,3639,3643,3639,3638,3640,3638,3638,3637,3643,3634,3638,3634,3643,"na",97.66,12.08,34809,671,1862,0,0,0,0,23,100,-145796,55,1768452612.189,0,0,0,0,0,0,0,0,0,1,349.41,349.41,"060A7F",1,1,1,67,40,40,0,0,"00",0,0
"73",2026-01-15 17:50:25,"-36 46.52378","174 43.90696",77,0,240,400389,1370000,349.49,-0.191,3646,3634,3639,12,3628,77.4,25.2,77.5,25.3,"none","none",77.7,25.4,3643,3639,3638,3643,3639,3638,3641,3639,3637,3637,3637,3643,3639,3639,3638,3640,3643,3634,3641,3640,3639,3639,3638,3643,3643,3639,3641,3643,3643,3639,3638,3643,3638,3638,3638,3643,3641,3638,3641,3643,3634,3634,3641,3643,3638,3638,3638,3643,3643,3638,3638,3643,3643,3639,3641,3640,3643,3643,3634,3644,3639,3639,3638,3643,3639,3639,3646,3643,3643,3643,3634,3640,3643,3638,3634,3643,3634,3638,3634,3639,3643,3638,3637,3639,3643,3639,3638,3640,3638,3638,3637,3643,3634,3638,3634,3643,"na",97.66,12.08,34809,671,1862,0,0,0,0,23,100,-145796,55,1768452625.68,0,0,0,0,0,0,0,0,0,1,349.49,349.49,"140A7F",1,1,1,67,40,40,0,0,"00",0,0
"74",2026-01-15 17:50:39,"-36 46.5238","174 43.90697",77,0,240,400389,1370000,349.39,-0.472,3646,3634,3639,12,3628,77.2,25.1,77.4,25.2,"none","none",77.7,25.4,3643,3639,3638,3643,3639,3638,3641,3639,3641,3637,3637,3643,3639,3639,3638,3640,3643,3634,3641,3640,3639,3634,3638,3643,3643,3639,3641,3643,3643,3639,3638,3643,3638,3638,3638,3639,3641,3638,3641,3643,3634,3634,3641,3643,3638,3638,3638,3643,3638,3638,3638,3643,3643,3639,3641,3640,3643,3643,3634,3644,3639,3639,3638,3643,3639,3639,3646,3643,3643,3643,3634,3640,3643,3638,3634,3643,3634,3638,3634,3639,3643,3638,3637,3639,3643,3639,3638,3640,3638,3638,3637,3643,3634,3638,3634,3643,"na",97.66,12,34809,671,1862,0,0,0,0,23,100,-145796,55,1768452639.834,0,0,0,0,0,0,0,0,0,1,349.39,349.39,"220E7F",1,1,1,67,40,40,0,0,"00",0,0
"75",2026-01-15 17:50:54,"-36 46.52425","174 43.90726",77,0,240,400389,1370000,349.42,-0.419,3647,3635,3640,12,3629,77.4,25.2,77.4,25.2,"none","none",77.7,25.4,3644,3640,3639,3644,3640,3639,3642,3640,3642,3642,3638,3644,3640,3640,3639,3641,3644,3635,3642,3641,3640,3640,3639,3644,3644,3640,3642,3644,3644,3640,3639,3644,3639,3639,3639,3640,3642,3639,3642,3644,3635,3635,3642,3644,3644,3639,3639,3644,3644,3639,3639,3644,3644,3640,3642,3641,3644,3644,3635,3645,3640,3640,3639,3644,3640,3640,3647,3644,3644,3644,3640,3641,3639,3639,3635,3644,3640,3639,3635,3644,3644,3639,3638,3640,3644,3640,3639,3641,3639,3639,3638,3644,3635,3639,3635,3644,"na",97.66,12,34809,671,1862,0,0,0,0,23,100,-145796,55,1768452654.625,0,0,0,0,0,0,0,0,0,1,349.42,349.42,"31097F",1,1,1,67,40,40,0,0,"00",0,0
"76",2026-01-15 17:51:10,"-36 46.52426","174 43.90726",77,0,240,400389,1370000,349.39,-0.138,3646,3634,3640,12,3631,77.4,25.2,77.5,25.3,"none","none",77.7,25.4,3644,3640,3639,3644,3640,3639,3642,3640,3638,3638,3638,3644,3640,3640,3639,3641,3644,3635,3642,3641,3640,3640,3639,3644,3644,3640,3642,3644,3644,3640,3639,3644,3639,3639,3639,3644,3642,3639,3642,3644,3635,3635,3642,3644,3644,3644,3639,3644,3644,3639,3639,3644,3644,3640,3642,3641,3644,3644,3635,3645,3640,3640,3639,3644,3639,3639,3646,3643,3643,3643,3639,3640,3643,3638,3634,3643,3634,3638,3634,3639,3643,3638,3637,3639,3643,3639,3638,3640,3638,3638,3637,3643,3634,3638,3634,3643,"na",97.66,12.08,34809,671,1862,0,0,0,0,23,100,-145796,55,1768452670.513,0,0,0,0,0,0,0,0,0,1,349.39,349.39,"40097F",1,1,1,67,40,40,0,0,"00",0,0
"77",2026-01-15 17:51:28,"-36 46.5243","174 43.90727",77,0,240,400389,1370000,349.41,0.028,3646,3634,3639,12,3628,77.2,25.1,77.5,25.3,"none","none",77.7,25.4,3643,3639,3638,3643,3639,3638,3641,3639,3641,3641,3637,3643,3639,3639,3638,3640,3643,3634,3641,3640,3639,3639,3638,3643,3643,3639,3641,3643,3643,3639,3638,3643,3638,3638,3638,3643,3641,3638,3641,3643,3634,3634,3641,3639,3643,3643,3638,3643,3643,3638,3638,3643,3643,3639,3641,3636,3643,3639,3634,3644,3639,3639,3638,3643,3639,3639,3646,3643,3643,3643,3639,3640,3643,3638,3634,3643,3634,3638,3634,3639,3643,3638,3637,3639,3643,3639,3638,3640,3638,3634,3637,3638,3634,3638,3634,3643,"na",97.66,12,34809,671,1862,0,0,0,0,23,100,-145796,55,1768452688.445,0,0,0,0,0,0,0,0,0,1,349.41,349.41,"520A7F",1,1,1,67,40,40,0,0,"00",0,0
